FullStreetName,StreetName,StreetType,PostDirection
01ST ST,01ST,ST,
02ND AVE,02ND,AVE,
02ND ST,02ND,ST,
02ND TI ST,02ND TI,ST,
03RD AVE,03RD,AVE,
03RD ST,03RD,ST,
03RD TI ST,03RD TI,ST,
04TH AVE,04TH,AVE,
04TH ST,04TH,ST,
04TH TI ST,04TH TI,ST,
05TH AVE,05TH,AVE,
05TH ST,05TH,ST,
05TH TI ST,05TH TI,ST,
06TH AVE,06TH,AVE,
06TH ST,06TH,ST,
06TH HP AVE,06TH HP,AVE,
06TH TI ST,06TH TI,ST,
07TH AVE,07TH,AVE,
07TH ST,07TH,ST,
08TH AVE,08TH,AVE,
08TH ST,08TH,ST,
08TH TI ST,08TH TI,ST,
09TH AVE,09TH,AVE,
09TH ST,09TH,ST,
09TH TI ST,09TH TI,ST,
10TH AVE,10TH,AVE,
10TH ST,10TH,ST,
10TH TI ST,10TH TI,ST,
11TH AVE,11TH,AVE,
11TH ST,11TH,ST,
11TH TI ST,11TH TI,ST,
12TH AVE,12TH,AVE,
12TH ST,12TH,ST,
12TH TI ST,12TH TI,ST,
13TH ST,13TH,ST,
13TH TI ST,13TH TI,ST,
14TH AVE,14TH,AVE,
14TH ST,14TH,ST,
14TH TI ST,14TH TI,ST,
15TH AVE,15TH,AVE,
15TH ST,15TH,ST,
16TH AVE,16TH,AVE,
16TH ST,16TH,ST,
17TH AVE,17TH,AVE,
17TH ST,17TH,ST,
18TH AVE,18TH,AVE,
18TH ST,18TH,ST,
19TH AVE,19TH,AVE,
19TH ST,19TH,ST,
20TH AVE,20TH,AVE,
20TH ST,20TH,ST,
21ST AVE,21ST,AVE,
21ST ST,21ST,ST,
22ND AVE,22ND,AVE,
22ND ST,22ND,ST,
23RD AVE,23RD,AVE,
23RD ST,23RD,ST,
24TH AVE,24TH,AVE,
24TH ST,24TH,ST,
25TH AVE,25TH,AVE,
SAM JORDANS WAY,SAM JORDANS,WAY,
25TH ST,25TH,ST,
26TH AVE,26TH,AVE,
26TH ST,26TH,ST,
27TH AVE,27TH,AVE,
27TH ST,27TH,ST,
28TH AVE,28TH,AVE,
28TH ST,28TH,ST,
29TH AVE,29TH,AVE,
29TH ST,29TH,ST,
30TH AVE,30TH,AVE,
30TH ST,30TH,ST,
31ST AVE,31ST,AVE,
31ST ST,31ST,ST,
32ND AVE,32ND,AVE,
33RD AVE,33RD,AVE,
34TH AVE,34TH,AVE,
35TH AVE,35TH,AVE,
36TH AVE,36TH,AVE,
37TH AVE,37TH,AVE,
38TH AVE,38TH,AVE,
39TH AVE,39TH,AVE,
40TH AVE,40TH,AVE,
41ST AVE,41ST,AVE,
42ND AVE,42ND,AVE,
43RD AVE,43RD,AVE,
44TH AVE,44TH,AVE,
45TH AVE,45TH,AVE,
46TH AVE,46TH,AVE,
47TH AVE,47TH,AVE,
48TH AVE,48TH,AVE,
A ST,A,ST,
ABBEY ST,ABBEY,ST,
TONI STONE XING,TONI STONE,XING,
ACACIA ST,ACACIA,ST,
ACADIA ST,ACADIA,ST,
ACEVEDO AVE,ACEVEDO,AVE,
ACME ALY,ACME,ALY,
ACORN ALY,ACORN,ALY,
ACTON ST,ACTON,ST,
ADA CT,ADA,CT,
ADAIR ST,ADAIR,ST,
ADAM ST,ADAM,ST,
ADDISON ST,ADDISON,ST,
ADELE CT,ADELE,CT,
ADMIRAL AVE,ADMIRAL,AVE,
ADOLPH SUTRO CT,ADOLPH SUTRO,CT,
AERIAL WAY,AERIAL,WAY,
AGNON AVE,AGNON,AVE,
AGUA WAY,AGUA,WAY,
AHERN WAY,AHERN,WAY,
ALABAMA ST,ALABAMA,ST,
ALADDIN TER,ALADDIN,TER,
ALAMEDA ST,ALAMEDA,ST,
ALANA WAY,ALANA,WAY,
ALBATROSS CT,ALBATROSS,CT,
ALBERTA ST,ALBERTA,ST,
ALBION ST,ALBION,ST,
ALDER ST,ALDER,ST,
ALEMANY BLVD,ALEMANY,BLVD,
ALEMANY BLVD OFF RAMP,ALEMANY BLVD OFF,RAMP,
ALERT ALY,ALERT,ALY,
ALHAMBRA ST,ALHAMBRA,ST,
ALICE B TOKLAS PL,ALICE B TOKLAS,PL,
ALLEN ST,ALLEN,ST,
ALLISON ST,ALLISON,ST,
ALLSTON WAY,ALLSTON,WAY,
ALMA ST,ALMA,ST,
ALMADEN CT,ALMADEN,CT,
ALOHA AVE,ALOHA,AVE,
ALPHA ST,ALPHA,ST,
ALPINE TER,ALPINE,TER,
ALTA ST,ALTA,ST,
ALTA MAR WAY,ALTA MAR,WAY,
ALTA VISTA TER,ALTA VISTA,TER,
ALTON AVE,ALTON,AVE,
ALVARADO ST,ALVARADO,ST,
ALVISO ST,ALVISO,ST,
ALVORD ST,ALVORD,ST,
AMADOR ST,AMADOR,ST,
AMATISTA LN,AMATISTA,LN,
AMATURY LOOP,AMATURY,LOOP,
AMAZON AVE,AMAZON,AVE,
AMBER DR,AMBER,DR,
AMBROSE BIERCE ST,AMBROSE BIERCE,ST,
AMES ST,AMES,ST,
AMETHYST WAY,AMETHYST,WAY,
AMHERST ST,AMHERST,ST,
AMITY ALY,AMITY,ALY,
ANDERSON ST,ANDERSON,ST,
ANDOVER ST,ANDOVER,ST,
ANDREW ST,ANDREW,ST,
ANGELOS ALY,ANGELOS,ALY,
ANGLO ALY,ANGLO,ALY,
ANKENY ST,ANKENY,ST,
ANNAPOLIS TER,ANNAPOLIS,TER,
ANNIE ST,ANNIE,ST,
ANSON PL,ANSON,PL,
ANTHONY ST,ANTHONY,ST,
ANTONIO ST,ANTONIO,ST,
ANZA AVE,ANZA,AVE,
ANZA ST,ANZA,ST,
ANZAVISTA AVE,ANZAVISTA,AVE,
APOLLO ST,APOLLO,ST,
APPAREL WAY,APPAREL,WAY,
APPLETON AVE,APPLETON,AVE,
APPLETON ST,APPLETON,ST,
APTOS AVE,APTOS,AVE,
AQUAVISTA WAY,AQUAVISTA,WAY,
ARAGO ST,ARAGO,ST,
ARBALLO DR,ARBALLO,DR,
ARBOL LN,ARBOL,LN,
ARBOR ST,ARBOR,ST,
ARCH ST,ARCH,ST,
ARCO WAY,ARCO,WAY,
ARDATH CT,ARDATH,CT,
ARDENWOOD WAY,ARDENWOOD,WAY,
ARELIOUS WALKER DR,ARELIOUS WALKER,DR,
ARELLANO AVE,ARELLANO,AVE,
ARGENT ALY,ARGENT,ALY,
ARGONAUT AVE,ARGONAUT,AVE,
ARGUELLO BLVD,ARGUELLO,BLVD,
ARKANSAS ST,ARKANSAS,ST,
ARLETA AVE,ARLETA,AVE,
ARLINGTON ST,ARLINGTON,ST,
ARMISTEAD RD,ARMISTEAD,RD,
ARMORY DR,ARMORY,DR,
ARMSTRONG AVE,ARMSTRONG,AVE,
ARNOLD AVE,ARNOLD,AVE,
ARROYO WAY,ARROYO,WAY,
ARTHUR AVE,ARTHUR,AVE,
ASH ST,ASH,ST,
ASHBURTON PL,ASHBURTON,PL,
ASHBURY ST,ASHBURY,ST,
ASHBURY TER,ASHBURY,TER,
ASHTON AVE,ASHTON,AVE,
ASHWOOD LN,ASHWOOD,LN,
ASPEN CT,ASPEN,CT,
ATALAYA TER,ATALAYA,TER,
ATHENS ST,ATHENS,ST,
ATOLL CIR,ATOLL,CIR,
ATTRIDGE ALY,ATTRIDGE,ALY,
AUBURN ST,AUBURN,ST,
AUGUST ALY,AUGUST,ALY,
AUGUSTA ST,AUGUSTA,ST,
AUSTIN ST,AUSTIN,ST,
AUTO DR,AUTO,DR,
AUTOMOBILE DR,AUTOMOBILE,DR,
AVALON AVE,AVALON,AVE,
AVENUE B,AVENUE B,,
AVENUE C,AVENUE C,,
AVENUE D,AVENUE D,,
AVENUE E,AVENUE E,,
AVENUE F,AVENUE F,,
AVENUE H,AVENUE H,,
AVENUE I,AVENUE I,,
AVENUE M,AVENUE M,,
AVENUE N,AVENUE N,,
AVENUE OF THE PALMS,AVENUE OF THE PALMS,,
AVERY ST,AVERY,ST,
AVILA ST,AVILA,ST,
AVOCA ALY,AVOCA,ALY,
WURSTER LN,WURSTER,LN,
AVON WAY,AVON,WAY,
AZTEC ST,AZTEC,ST,
BACHE ST,BACHE,ST,
BACON ST,BACON,ST,
BADEN ST,BADEN,ST,
BADGER ST,BADGER,ST,
BAKER CT,BAKER,CT,
BAKER ST,BAKER,ST,
BALANCE ST,BALANCE,ST,
BALBOA ST,BALBOA,ST,
BALCETA AVE,BALCETA,AVE,
BALDWIN CT,BALDWIN,CT,
BALHI CT,BALHI,CT,
BALMY ST,BALMY,ST,
BALTIMORE WAY,BALTIMORE,WAY,
BANBURY DR,BANBURY,DR,
BANCROFT AVE,BANCROFT,AVE,
BANK ST,BANK,ST,
BANKS ST,BANKS,ST,
BANNAN PL,BANNAN,PL,
BANNEKER WAY,BANNEKER,WAY,
BANNOCK ST,BANNOCK,ST,
BARCELONA AVE,BARCELONA,AVE,
BARNARD AVE,BARNARD,AVE,
BARNEVELD AVE,BARNEVELD,AVE,
BARRY CT,BARRY,CT,
BARTLETT ST,BARTLETT,ST,
BARTOL ST,BARTOL,ST,
BASS CT,BASS,CT,
BATTERY ST,BATTERY,ST,
BATTERY BLANEY RD,BATTERY BLANEY,RD,
BATTERY CAULFIELD RD,BATTERY CAULFIELD,RD,
BATTERY CHAMBERLIN RD,BATTERY CHAMBERLIN,RD,
BATTERY CRANSTON RD,BATTERY CRANSTON,RD,
BATTERY CROSBY RD,BATTERY CROSBY,RD,
BATTERY DYNAMITE RD,BATTERY DYNAMITE,RD,
BATTERY EAST RD,BATTERY EAST,RD,
BATTERY SAFFORD RD,BATTERY SAFFORD,RD,
BATTERY WAGNER RD,BATTERY WAGNER,RD,
BAXTER ALY,BAXTER,ALY,
BAY ST,BAY,ST,
BAY SHORE BLVD,BAY SHORE,BLVD,
BAY SHORE BLVD OFF RAMP,BAY SHORE BLVD OFF,RAMP,
BAY SHORE BLVD ON RAMP,BAY SHORE BLVD ON,RAMP,
BAY VIEW ST,BAY VIEW,ST,
BAYSIDE DR,BAYSIDE,DR,
BAYSIDE VILLAGE PL,BAYSIDE VILLAGE,PL,
BAYVIEW CIR,BAYVIEW,CIR,
BAYVIEW PARK RD,BAYVIEW PARK,RD,
BAYWOOD CT,BAYWOOD,CT,
BEACH ST,BEACH,ST,
BEACHMONT DR,BEACHMONT,DR,
BEACON ST,BEACON,ST,
BEALE ST,BEALE,ST,
BEATRICE LN,BEATRICE,LN,
BEAUMONT AVE,BEAUMONT,AVE,
BEAVER ST,BEAVER,ST,
BECKETT ST,BECKETT,ST,
BEDFORD PL,BEDFORD,PL,
BEEMAN LN,BEEMAN,LN,
BEHR AVE,BEHR,AVE,
BEIDEMAN ST,BEIDEMAN,ST,
BELCHER ST,BELCHER,ST,
BELDEN ST,BELDEN,ST,
BELGRAVE AVE,BELGRAVE,AVE,
BELL CT,BELL,CT,
BELLA VISTA WAY,BELLA VISTA,WAY,
BELLAIR PL,BELLAIR,PL,
BELLE AVE,BELLE,AVE,
BELLES ST,BELLES,ST,
BELLEVUE AVE,BELLEVUE,AVE,
BELMONT AVE,BELMONT,AVE,
BELVEDERE ST,BELVEDERE,ST,
BEMIS ST,BEMIS,ST,
BENGAL ALY,BENGAL,ALY,
BENNINGTON ST,BENNINGTON,ST,
BENTON AVE,BENTON,AVE,
BEPLER ST,BEPLER,ST,
BERCUT ACCESS RD,BERCUT ACCESS,RD,
BERGEN ALY,BERGEN,ALY,
BERKELEY WAY,BERKELEY,WAY,
BERKSHIRE WAY,BERKSHIRE,WAY,
BERNAL HEIGHTS BLVD,BERNAL HEIGHTS,BLVD,
BERNARD ST,BERNARD,ST,
BERNICE ST,BERNICE,ST,
BERNICE RODGERS WAY,BERNICE RODGERS,WAY,
BERRY ST,BERRY,ST,
BERRY EXTENSION ST,BERRY EXTENSION,ST,
BERTHA LN,BERTHA,LN,
BERTIE MINOR LN,BERTIE MINOR,LN,
BERTITA ST,BERTITA,ST,
BERWICK PL,BERWICK,PL,
BESSIE ST,BESSIE,ST,
BEULAH ST,BEULAH,ST,
BEVERLY ST,BEVERLY,ST,
BIGELOW CT,BIGELOW,CT,
BIGLER AVE,BIGLER,AVE,
BIRCH ST,BIRCH,ST,
BIRCHWOOD CT,BIRCHWOOD,CT,
BIRD ST,BIRD,ST,
BIRMINGHAM RD,BIRMINGHAM,RD,
BISHOP ST,BISHOP,ST,
BITTING AVE,BITTING,AVE,
BLACK PL,BLACK,PL,
BLACKSTONE CT,BLACKSTONE,CT,
BLAIR TER,BLAIR,TER,
BLAIRWOOD LN,BLAIRWOOD,LN,
BLAKE ST,BLAKE,ST,
BLANCHE ST,BLANCHE,ST,
BLANDY ST,BLANDY,ST,
BLANKEN AVE,BLANKEN,AVE,
BLATCHFORD LN,BLATCHFORD,LN,
BLISS CT,BLISS,CT,
BLISS RD,BLISS,RD,
BLUXOME ST,BLUXOME,ST,
BLYTHDALE AVE,BLYTHDALE,AVE,
BOALT ST,BOALT,ST,
BOARDMAN PL,BOARDMAN,PL,
BOB KAUFMAN ALY,BOB KAUFMAN,ALY,
BOCANA ST,BOCANA,ST,
BONIFACIO ST,BONIFACIO,ST,
BONITA ST,BONITA,ST,
BONNIE BRAE LN,BONNIE BRAE,LN,
BONVIEW ST,BONVIEW,ST,
BORICA ST,BORICA,ST,
BOSWORTH ST,BOSWORTH,ST,
BOUTWELL ST,BOUTWELL,ST,
BOWDOIN ST,BOWDOIN,ST,
BOWLEY CT,BOWLEY,CT,
BOWLEY ST,BOWLEY,ST,
BOWLING GREEN DR,BOWLING GREEN,DR,
BOWMAN CT,BOWMAN,CT,
BOYD ST,BOYD,ST,
BOYLSTON ST,BOYLSTON,ST,
BOYNTON CT,BOYNTON,CT,
BRADFORD ST,BRADFORD,ST,
BRADY ST,BRADY,ST,
BRANNAN ST,BRANNAN,ST,
BRANT ALY,BRANT,ALY,
BRAZIL AVE,BRAZIL,AVE,
BREEN PL,BREEN,PL,
BRENTWOOD AVE,BRENTWOOD,AVE,
BRET HARTE TER,BRET HARTE,TER,
BREWSTER ST,BREWSTER,ST,
BRICE TER,BRICE,TER,
BRIDGEVIEW DR,BRIDGEVIEW,DR,
BRIDGEVIEW WAY,BRIDGEVIEW,WAY,
BRIGHT ST,BRIGHT,ST,
BRIGHTON AVE,BRIGHTON,AVE,
BRITTON ST,BRITTON,ST,
BROAD ST,BROAD,ST,
BROADMOOR DR,BROADMOOR,DR,
BROADWAY,BROADWAY,,
BRODERICK ST,BRODERICK,ST,
BROMLEY PL,BROMLEY,PL,
BROMPTON AVE,BROMPTON,AVE,
BRONTE ST,BRONTE,ST,
BROOK ST,BROOK,ST,
BROOKDALE AVE,BROOKDALE,AVE,
BROOKHAVEN LN,BROOKHAVEN,LN,
BROOKLYN PL,BROOKLYN,PL,
BROOKS ST,BROOKS,ST,
BROSNAN ST,BROSNAN,ST,
BROTHERHOOD WAY,BROTHERHOOD,WAY,
BROWN ST,BROWN,ST,
BRUCE AVE,BRUCE,AVE,
BRUMISS TER,BRUMISS,TER,
BRUNSWICK ST,BRUNSWICK,ST,
BRUSH LN,BRUSH,LN,
BRUSH PL,BRUSH,PL,
BRUSSELS ST,BRUSSELS,ST,
BRYANT ST,BRYANT,ST,
BUCARELI DR,BUCARELI,DR,
BUCHANAN ST,BUCHANAN,ST,
BUCKINGHAM WAY,BUCKINGHAM,WAY,
SAN FRANCISCO GOLF CLUB RD,SAN FRANCISCO GOLF CLUB,RD,
VICHA RATANAPAKDEE WAY,VICHA RATANAPAKDEE,WAY,
BUENA VISTA TER,BUENA VISTA,TER,
BURGOYNE ST,BURGOYNE,ST,
BURKE AVE,BURKE,AVE,
BURLWOOD DR,BURLWOOD,DR,
BURNETT AVE,BURNETT,AVE,
JEFF ADACHI WAY,JEFF ADACHI,WAY,
BURNS PL,BURNS,PL,
BURNSIDE AVE,BURNSIDE,AVE,
BURR AVE,BURR,AVE,
BURRITT ST,BURRITT,ST,
BURROWS ST,BURROWS,ST,
BUSH ST,BUSH,ST,
BUTTE PL,BUTTE,PL,
BYRON CT,BYRON,CT,
BYXBEE ST,BYXBEE,ST,
C ST,C,ST,
CABRILLO ST,CABRILLO,ST,
CADELL PL,CADELL,PL,
CAINE AVE,CAINE,AVE,
CAIRE TER,CAIRE,TER,
CALEDONIA ST,CALEDONIA,ST,
CALGARY ST,CALGARY,ST,
CALHOUN TER,CALHOUN,TER,
CALIFORNIA AVE,CALIFORNIA,AVE,
CALIFORNIA ST,CALIFORNIA,ST,
CALVERT DR,CALVERT,DR,
CAMBON DR,CAMBON,DR,
CAMBRIDGE ST,CAMBRIDGE,ST,
CAMELLIA AVE,CAMELLIA,AVE,
CAMEO WAY,CAMEO,WAY,
CAMERON WAY,CAMERON,WAY,
CAMP ST,CAMP,ST,
LONG BRIDGE VARA,LONG BRIDGE VARA,,
CAMPBELL AVE,CAMPBELL,AVE,
CAMPTON PL,CAMPTON,PL,
CAMPUS LN,CAMPUS,LN,
CAMPUS WAY,CAMPUS,WAY,
CANBY LN,CANBY,LN,
CANBY ST,CANBY,ST,
CANDLESTICK COVE WAY,CANDLESTICK COVE,WAY,
CANDLESTICK POINT SRA,CANDLESTICK POINT SRA,,
CANYON DR,CANYON,DR,
CAPISTRANO AVE,CAPISTRANO,AVE,
CAPITOL AVE,CAPITOL,AVE,
CAPP ST,CAPP,ST,
CAPRA WAY,CAPRA,WAY,
CARD ALY,CARD,ALY,
CARDENAS AVE,CARDENAS,AVE,
CARGO WAY,CARGO,WAY,
CARL ST,CARL,ST,
CARMEL ST,CARMEL,ST,
CARMELITA ST,CARMELITA,ST,
CARNELIAN WAY,CARNELIAN,WAY,
CAROLINA ST,CAROLINA,ST,
CARPENTER CT,CARPENTER,CT,
CARR ST,CARR,ST,
CARRIE ST,CARRIE,ST,
CARRIZAL ST,CARRIZAL,ST,
CARROLL AVE,CARROLL,AVE,
CARSON ST,CARSON,ST,
CARTER ST,CARTER,ST,
CARVER ST,CARVER,ST,
CASA WAY,CASA,WAY,
CASCADE WALK,CASCADE,WALK,
CASE ST,CASE,ST,
CASELLI AVE,CASELLI,AVE,
CASHMERE ST,CASHMERE,ST,
CASITAS AVE,CASITAS,AVE,
CASSANDRA CT,CASSANDRA,CT,
CASTELO AVE,CASTELO,AVE,
CASTENADA AVE,CASTENADA,AVE,
CASTILLO ST,CASTILLO,ST,
CASTLE ST,CASTLE,ST,
CASTLE MANOR AVE,CASTLE MANOR,AVE,
CASTRO ST,CASTRO,ST,
DR MAYA ANGELOU LN,DR MAYA ANGELOU,LN,
CATHERINE CT,CATHERINE,CT,
CAYUGA AVE,CAYUGA,AVE,
CCSF PARKING LOT,CCSF PARKING LOT,,
CECILIA AVE,CECILIA,AVE,
CEDAR ST,CEDAR,ST,
CEDRO AVE,CEDRO,AVE,
CENTRAL AVE,CENTRAL,AVE,
CENTRAL MAGAZINE RD,CENTRAL MAGAZINE,RD,
CENTURY PL,CENTURY,PL,
CERES ST,CERES,ST,
CERRITOS AVE,CERRITOS,AVE,
CERVANTES BLVD,CERVANTES,BLVD,
CESAR CHAVEZ ST,CESAR CHAVEZ,ST,
CESAR CHAVEZ ON RAMP,CESAR CHAVEZ ON,RAMP,
CHABOT TER,CHABOT,TER,
CHAIN OF LAKES DR,CHAIN OF LAKES,DR,
CHANCERY LN,CHANCERY,LN,
SLOAN ALY,SLOAN,ALY,
CHANNEL ST,CHANNEL,ST,
CHAPMAN ST,CHAPMAN,ST,
CHARLES ST,CHARLES,ST,
CHARLES J BRENHAM PL,CHARLES J BRENHAM,PL,
CHARLTON CT,CHARLTON,CT,
CHARTER OAK AVE,CHARTER OAK,AVE,
CHASE CT,CHASE,CT,
CHATHAM PL,CHATHAM,PL,
CHATTANOOGA ST,CHATTANOOGA,ST,
CHAVES AVE,CHAVES,AVE,
CHENERY ST,CHENERY,ST,
CHERRY ST,CHERRY,ST,
CHESLEY ST,CHESLEY,ST,
CHESTER AVE,CHESTER,AVE,
CHESTNUT ST,CHESTNUT,ST,
CHICAGO WAY,CHICAGO,WAY,
CHILD ST,CHILD,ST,
CHILTON AVE,CHILTON,AVE,
CHINA BASIN ST,CHINA BASIN,ST,
CHINOOK CT,CHINOOK,CT,
CHRISTMAS TREE POINT RD,CHRISTMAS TREE POINT,RD,
CHRISTOPHER DR,CHRISTOPHER,DR,
CHULA LN,CHULA,LN,
CHUMASERO DR,CHUMASERO,DR,
CHURCH ST,CHURCH,ST,
CHURCH ACCESS RD,CHURCH ACCESS,RD,
CHURCH PARKING LOT,CHURCH PARKING LOT,,
CIELITO DR,CIELITO,DR,
CIRCULAR AVE,CIRCULAR,AVE,
CITYVIEW WAY,CITYVIEW,WAY,
CLAIRVIEW CT,CLAIRVIEW,CT,
CLARA ST,CLARA,ST,
CLAREMONT BLVD,CLAREMONT,BLVD,
CLARENCE PL,CLARENCE,PL,
CLARENDON AVE,CLARENDON,AVE,
CLARION ALY,CLARION,ALY,
CLARKE LN,CLARKE,LN,
CLARKE ST,CLARKE,ST,
CLARKSON ST,CLARKSON,ST,
CLAUDE LN,CLAUDE,LN,
CLAY ST,CLAY,ST,
CLAYTON ST,CLAYTON,ST,
CLEARFIELD DR,CLEARFIELD,DR,
CLEARVIEW CT,CLEARVIEW,CT,
CLEARY CT,CLEARY,CT,
CLEMENT ST,CLEMENT,ST,
CLEMENTINA ST,CLEMENTINA,ST,
CLEO RAND AVE,CLEO RAND,AVE,
CLEVELAND ST,CLEVELAND,ST,
CLIFFORD TER,CLIFFORD,TER,
CLINTON PARK,CLINTON,PARK,
CLIPPER ST,CLIPPER,ST,
CLIPPER TER,CLIPPER,TER,
CLIPPER COVE WAY,CLIPPER COVE,WAY,
CLOUD CIR,CLOUD,CIR,
CLOVER LN,CLOVER,LN,
CLOVER ST,CLOVER,ST,
CLYDE ST,CLYDE,ST,
COCHRANE ST,COCHRANE,ST,
CODMAN PL,CODMAN,PL,
COLBY ST,COLBY,ST,
COLE ST,COLE,ST,
COLEMAN ST,COLEMAN,ST,
COLERIDGE ST,COLERIDGE,ST,
COLIN PL,COLIN,PL,
COLIN P KELLY JR ST,COLIN P KELLY JR,ST,
COLLEEN WAY,COLLEEN,WAY,
COLLEGE AVE,COLLEGE,AVE,
COLLEGE TER,COLLEGE,TER,
COLLINGWOOD ST,COLLINGWOOD,ST,
COLLINS ST,COLLINS,ST,
COLON AVE,COLON,AVE,
COLONIAL WAY,COLONIAL,WAY,
COLTON ST,COLTON,ST,
COLUMBIA SQUARE ST,COLUMBIA SQUARE,ST,
COLUMBUS AVE,COLUMBUS,AVE,
COLUSA PL,COLUSA,PL,
COMERFORD ST,COMERFORD,ST,
COMMER CT,COMMER,CT,
COMMERCIAL ST,COMMERCIAL,ST,
COMMONWEALTH AVE,COMMONWEALTH,AVE,
COMPTON RD,COMPTON,RD,
CONCORD ST,CONCORD,ST,
CONCOURSE DR,CONCOURSE,DR,
CONGDON ST,CONGDON,ST,
CONGO ST,CONGO,ST,
CONKLING ST,CONKLING,ST,
CONNECTICUT ST,CONNECTICUT,ST,
CONRAD ST,CONRAD,ST,
STEUART LN,STEUART,LN,
BRAGHETTA LN,BRAGHETTA,LN,
CONSERVATORY ACCESS RD,CONSERVATORY ACCESS,RD,
CONSTANSO WAY,CONSTANSO,WAY,
CONTINUUM WAY,CONTINUUM,WAY,
CONVERSE ST,CONVERSE,ST,
COOK ST,COOK,ST,
COOPER ALY,COOPER,ALY,
COPPER ALY,COPPER,ALY,
CORA ST,CORA,ST,
CORAL CT,CORAL,CT,
CORAL RD,CORAL,RD,
CORALINO LN,CORALINO,LN,
CORBETT AVE,CORBETT,AVE,
CORBIN PL,CORBIN,PL,
CORDELIA ST,CORDELIA,ST,
CORDOVA ST,CORDOVA,ST,
CORNWALL ST,CORNWALL,ST,
CORONA ST,CORONA,ST,
FARALLON ST,FARALLON,ST,
CORONADO ST,CORONADO,ST,
CORTES AVE,CORTES,AVE,
CORTLAND AVE,CORTLAND,AVE,
CORWIN ST,CORWIN,ST,
COSGROVE ST,COSGROVE,ST,
COSMO PL,COSMO,PL,
COSO AVE,COSO,AVE,
COSTA ST,COSTA,ST,
COTTAGE ROW,COTTAGE,ROW,
COTTER ST,COTTER,ST,
COUNTRY CLUB DR,COUNTRY CLUB,DR,
COVENTRY CT,COVENTRY,CT,
COVENTRY LN,COVENTRY,LN,
COWELL PL,COWELL,PL,
COWLES ST,COWLES,ST,
CRAGMONT AVE,CRAGMONT,AVE,
CRAGS CT,CRAGS,CT,
CRAIG CT,CRAIG,CT,
CRANE ST,CRANE,ST,
CRANLEIGH DR,CRANLEIGH,DR,
CRAUT ST,CRAUT,ST,
CRESCENT AVE,CRESCENT,AVE,
CRESCENT CT,CRESCENT,CT,
CRESCENT WAY,CRESCENT,WAY,
CRESCIO CT,CRESCIO,CT,
CRESPI DR,CRESPI,DR,
CRESTA VISTA DR,CRESTA VISTA,DR,
CRESTLAKE DR,CRESTLAKE,DR,
CRESTLINE DR,CRESTLINE,DR,
CRESTMONT DR,CRESTMONT,DR,
CRESTWELL WALK,CRESTWELL,WALK,
CRISP RD,CRISP,RD,
CRISSY FIELD AVE,CRISSY FIELD,AVE,
CROAKER CT,CROAKER,CT,
CROOK ST,CROOK,ST,
CROSS ST,CROSS,ST,
CROSSOVER DR,CROSSOVER,DR,
CROWN CT,CROWN,CT,
CROWN TER,CROWN,TER,
CRYSTAL ST,CRYSTAL,ST,
CUBA ALY,CUBA,ALY,
CUESTA CT,CUESTA,CT,
CULEBRA TER,CULEBRA,TER,
CUMBERLAND ST,CUMBERLAND,ST,
CUNNINGHAM PL,CUNNINGHAM,PL,
CURTIS ST,CURTIS,ST,
CUSHMAN ST,CUSHMAN,ST,
CUSTER AVE,CUSTER,AVE,
CUSTOM HOUSE PL,CUSTOM HOUSE,PL,
CUTLER AVE,CUTLER,AVE,
CUVIER ST,CUVIER,ST,
CYPRESS ST,CYPRESS,ST,
CYRIL MAGNIN ST,CYRIL MAGNIN,ST,
CYRUS PL,CYRUS,PL,
D ST,D,ST,
DAGGETT ST,DAGGETT,ST,
DAKOTA ST,DAKOTA,ST,
DALEWOOD WAY,DALEWOOD,WAY,
DANIEL BURNHAM CT,DANIEL BURNHAM,CT,
DANTON ST,DANTON,ST,
DANVERS ST,DANVERS,ST,
DARIEN WAY,DARIEN,WAY,
DARRELL PL,DARRELL,PL,
DARTMOUTH ST,DARTMOUTH,ST,
DASHIELL HAMMETT ST,DASHIELL HAMMETT,ST,
DAVENPORT LN,DAVENPORT,LN,
DAVIDSON AVE,DAVIDSON,AVE,
DAVIS CT,DAVIS,CT,
DAVIS ST,DAVIS,ST,
DAWNVIEW WAY,DAWNVIEW,WAY,
DAWSON PL,DAWSON,PL,
DAY ST,DAY,ST,
DE BOOM ST,DE BOOM,ST,
DE FOREST WAY,DE FOREST,WAY,
DE HARO ST,DE HARO,ST,
DE LONG ST,DE LONG,ST,
DE MONTFORT AVE,DE MONTFORT,AVE,
DE SOTO ST,DE SOTO,ST,
DE WOLF ST,DE WOLF,ST,
DEARBORN ST,DEARBORN,ST,
DECATUR ST,DECATUR,ST,
DECKER ALY,DECKER,ALY,
DEDMAN CT,DEDMAN,CT,
DEEMS RD,DEEMS,RD,
DEHON ST,DEHON,ST,
DEL MONTE ST,DEL MONTE,ST,
DEL SUR AVE,DEL SUR,AVE,
DEL VALE AVE,DEL VALE,AVE,
DELANCEY ST,DELANCEY,ST,
DELANO AVE,DELANO,AVE,
DELAWARE ST,DELAWARE,ST,
DELGADO PL,DELGADO,PL,
DELLBROOK AVE,DELLBROOK,AVE,
DELMAR ST,DELMAR,ST,
DELTA ST,DELTA,ST,
DEMING ST,DEMING,ST,
DENSLOWE DR,DENSLOWE,DR,
DERBY ST,DERBY,ST,
DESMOND ST,DESMOND,ST,
DETROIT ST,DETROIT,ST,
DEVONSHIRE WAY,DEVONSHIRE,WAY,
DEWEY BLVD,DEWEY,BLVD,
DEWITT RD,DEWITT,RD,
DIAMOND ST,DIAMOND,ST,
DIAMOND COVE TER,DIAMOND COVE,TER,
DIAMOND HEIGHTS BLVD,DIAMOND HEIGHTS,BLVD,
DIANA ST,DIANA,ST,
DIAZ AVE,DIAZ,AVE,
DICHA ALY,DICHA,ALY,
DICHIERA CT,DICHIERA,CT,
DICKINSON ST,DICKINSON,ST,
DIGBY ST,DIGBY,ST,
DIRK DIRKSEN PL,DIRK DIRKSEN,PL,
DIVISADERO ST,DIVISADERO,ST,
DIVISION ST,DIVISION,ST,
DIXIE ALY,DIXIE,ALY,
DOCK ST,DOCK,ST,
DODGE ST,DODGE,ST,
DOLORES ST,DOLORES,ST,
DOLORES TER,DOLORES,TER,
DOLPHIN CT,DOLPHIN,CT,
DON CHEE WAY,DON CHEE,WAY,
DONAHUE ST,DONAHUE,ST,
DONNER AVE,DONNER,AVE,
DORADO TER,DORADO,TER,
DORANTES AVE,DORANTES,AVE,
DORCAS WAY,DORCAS,WAY,
DORCHESTER WAY,DORCHESTER,WAY,
DORE ST,DORE,ST,
DORIC ALY,DORIC,ALY,
DORLAND ST,DORLAND,ST,
DORMAN AVE,DORMAN,AVE,
DORMITORY RD,DORMITORY,RD,
DOUBLE ROCK ST,DOUBLE ROCK,ST,
DOUGLASS ST,DOUGLASS,ST,
DOVE LOOP,DOVE,LOOP,
DOW PL,DOW,PL,
DOWNEY ST,DOWNEY,ST,
DR CARLTON B GOODLETT PL,DR CARLTON B GOODLETT,PL,
DRAKE ST,DRAKE,ST,
DRUMM ST,DRUMM,ST,
DRUMMOND ALY,DRUMMOND,ALY,
DUBLIN ST,DUBLIN,ST,
DUBOCE AVE,DUBOCE,AVE,
DUDLEY RD,DUDLEY,RD,
DUKES CT,DUKES,CT,
DUNCAN ST,DUNCAN,ST,
DUNCOMBE ALY,DUNCOMBE,ALY,
DUNNES ALY,DUNNES,ALY,
DUNSHEE ST,DUNSHEE,ST,
DUNSMUIR ST,DUNSMUIR,ST,
DUTCH WINDMILL ACCESS RD,DUTCH WINDMILL ACCESS,RD,
DWIGHT ST,DWIGHT,ST,
E ST,E,ST,
EAGLE ST,EAGLE,ST,
EARL ST,EARL,ST,
EASEMENT,EASEMENT,,
EAST RD,EAST,RD,
EAST BEACH RD,EAST BEACH,RD,
EAST CRYSTAL COVE TER,EAST CRYSTAL COVE,TER,
EAST FORT MILEY RD,EAST FORT MILEY,RD,
EASTMAN ST,EASTMAN,ST,
EASTWOOD DR,EASTWOOD,DR,
EATON PL,EATON,PL,
ECKER ST,ECKER,ST,
EDDY ST,EDDY,ST,
EDGAR AVE,EDGAR,AVE,
EDGARDO PL,EDGARDO,PL,
EDGEHILL WAY,EDGEHILL,WAY,
EDGEWOOD AVE,EDGEWOOD,AVE,
EDIE RD,EDIE,RD,
EDINBURGH ST,EDINBURGH,ST,
EDITH ST,EDITH,ST,
EDNA ST,EDNA,ST,
EDWARD ST,EDWARD,ST,
EGBERT AVE,EGBERT,AVE,
EL CAMINO DEL MAR,EL CAMINO DEL MAR,,
EL DORADO ST,EL DORADO,ST,
EL MIRASOL PL,EL MIRASOL,PL,
EL PLAZUELA WAY,EL PLAZUELA,WAY,
EL POLIN LOOP,EL POLIN,LOOP,
EL SERENO CT,EL SERENO,CT,
EL VERANO WAY,EL VERANO,WAY,
ELDRIDGE ST,ELDRIDGE,ST,
ELGIN PARK,ELGIN,PARK,
ELIM ALY,ELIM,ALY,
ELIZABETH ST,ELIZABETH,ST,
ELK ST,ELK,ST,
ELLERT ST,ELLERT,ST,
ELLINGTON AVE,ELLINGTON,AVE,
ELLIOT ST,ELLIOT,ST,
ELLIS ST,ELLIS,ST,
ELLSWORTH ST,ELLSWORTH,ST,
ELM ST,ELM,ST,
ELMHURST DR,ELMHURST,DR,
ELMIRA ST,ELMIRA,ST,
ELMWOOD WAY,ELMWOOD,WAY,
ELSIE ST,ELSIE,ST,
ELWOOD ST,ELWOOD,ST,
EMERALD LN,EMERALD,LN,
EMERALD COVE WAY,EMERALD COVE,WAY,
EMERSON ST,EMERSON,ST,
EMERY LN,EMERY,LN,
EMIL LN,EMIL,LN,
EMMA ST,EMMA,ST,
EMMETT CT,EMMETT,CT,
ENCANTO AVE,ENCANTO,AVE,
ENCINAL WALK,ENCINAL,WALK,
ENCLINE CT,ENCLINE,CT,
ENGLISH ST,ENGLISH,ST,
ENTERPRISE ST,ENTERPRISE,ST,
ENTRADA CT,ENTRADA,CT,
ERIE ST,ERIE,ST,
ERKSON CT,ERKSON,CT,
ERVINE ST,ERVINE,ST,
ESCOLTA WAY,ESCOLTA,WAY,
ESCONDIDO AVE,ESCONDIDO,AVE,
ESMERALDA AVE,ESMERALDA,AVE,
ESPANOLA ST,ESPANOLA,ST,
ESQUINA DR,ESQUINA,DR,
ESSEX ST,ESSEX,ST,
ESTERO AVE,ESTERO,AVE,
EUCALYPTUS DR,EUCALYPTUS,DR,
EUCLID AVE,EUCLID,AVE,
EUGENIA AVE,EUGENIA,AVE,
EUREKA ST,EUREKA,ST,
EVANS AVE,EVANS,AVE,
EVE ST,EVE,ST,
EVELYN WAY,EVELYN,WAY,
EVERGLADE DR,EVERGLADE,DR,
EVERSON ST,EVERSON,ST,
EWER PL,EWER,PL,
EWING TER,EWING,TER,
EXCELSIOR AVE,EXCELSIOR,AVE,
EXCHANGE PL,EXCHANGE,PL,
EXECUTIVE PARK BLVD,EXECUTIVE PARK,BLVD,
EXETER ST,EXETER,ST,
EXPOSITION DR,EXPOSITION,DR,
FAIR AVE,FAIR,AVE,
FAIR OAKS ST,FAIR OAKS,ST,
FAIRBANKS ST,FAIRBANKS,ST,
FAIRFAX AVE,FAIRFAX,AVE,
FAIRFIELD WAY,FAIRFIELD,WAY,
FAIRMOUNT ST,FAIRMOUNT,ST,
FAITH ST,FAITH,ST,
FALLON PL,FALLON,PL,
FALMOUTH ST,FALMOUTH,ST,
FANNING WAY,FANNING,WAY,
FARALLONES ST,FARALLONES,ST,
FARGO PL,FARGO,PL,
FARNSWORTH LN,FARNSWORTH,LN,
FARNUM ST,FARNUM,ST,
FARRAGUT AVE,FARRAGUT,AVE,
FARVIEW CT,FARVIEW,CT,
FAUNTLEROY LN,FAUNTLEROY,LN,
FAXON AVE,FAXON,AVE,
FEDERAL ST,FEDERAL,ST,
FELIX AVE,FELIX,AVE,
FELL ST,FELL,ST,
FELL ACCESS RD,FELL ACCESS,RD,
FELLA PL,FELLA,PL,
FELTON ST,FELTON,ST,
FENTON LN,FENTON,LN,
FERN ST,FERN,ST,
FERNANDEZ ST,FERNANDEZ,ST,
FERNWOOD DR,FERNWOOD,DR,
FIELDING ST,FIELDING,ST,
MEADOW DR,MEADOW,DR,
FILBERT ST,FILBERT,ST,
FILLMORE ST,FILLMORE,ST,
FINLEY RD,FINLEY,RD,
01ST TI ST,01ST TI,ST,
HOLLAND CT,HOLLAND,CT,
FISHER ALY,FISHER,ALY,
FISHER AVE,FISHER,AVE,
FISHER LOOP,FISHER,LOOP,
FITCH ST,FITCH,ST,
FITZGERALD AVE,FITZGERALD,AVE,
FLINT ST,FLINT,ST,
FLOOD AVE,FLOOD,AVE,
FLORA ST,FLORA,ST,
FLORENCE ST,FLORENCE,ST,
FLORENTINE AVE,FLORENTINE,AVE,
FLORIDA ST,FLORIDA,ST,
FLOUNDER CT,FLOUNDER,CT,
FLOURNOY ST,FLOURNOY,ST,
FLOWER ST,FLOWER,ST,
FOERSTER ST,FOERSTER,ST,
FOLSOM ST,FOLSOM,ST,
FONT BLVD,FONT,BLVD,
FONTINELLA TER,FONTINELLA,TER,
FOOTE AVE,FOOTE,AVE,
FORD ST,FORD,ST,
FOREST RD,FOREST,RD,
FOREST HILL PATH,FOREST HILL,PATH,
FOREST KNOLLS DR,FOREST KNOLLS,DR,
FOREST SIDE AVE,FOREST SIDE,AVE,
FOREST VIEW DR,FOREST VIEW,DR,
FORSYTH LN,FORSYTH,LN,
FORT FUNSTON RD,FORT FUNSTON,RD,
FORT MASON 10,FORT MASON 10,,
FORT MASON 12,FORT MASON 12,,
FORT MASON 13,FORT MASON 13,,
FORT MASON 15,FORT MASON 15,,
FORT MASON 16,FORT MASON 16,,
FORT MASON 17,FORT MASON 17,,
FORT MASON 18,FORT MASON 18,,
FORT MASON 19,FORT MASON 19,,
FORT MASON 20,FORT MASON 20,,
FORT MASON 21,FORT MASON 21,,
FORT MASON 8,FORT MASON 8,,
FORT MASON 9,FORT MASON 9,,
FORT MILEY 3,FORT MILEY 3,,
FORT MILEY 5,FORT MILEY 5,,
FORT MILEY 6,FORT MILEY 6,,
FORT MILEY 7,FORT MILEY 7,,
FORTUNA AVE,FORTUNA,AVE,
FOUNTAIN ST,FOUNTAIN,ST,
FOWLER AVE,FOWLER,AVE,
FRANCE AVE,FRANCE,AVE,
FRANCIS ST,FRANCIS,ST,
FRANCISCO ST,FRANCISCO,ST,
FRANCONIA ST,FRANCONIA,ST,
FRANK NORRIS ST,FRANK NORRIS,ST,
FRANKLIN ST,FRANKLIN,ST,
FRATESSA CT,FRATESSA,CT,
FREDELA LN,FREDELA,LN,
FREDERICK ST,FREDERICK,ST,
FREDSON CT,FREDSON,CT,
FREELON ST,FREELON,ST,
FREEMAN CT,FREEMAN,CT,
FREMONT ST,FREMONT,ST,
FRENCH CT,FRENCH,CT,
FRESNEL WAY,FRESNEL,WAY,
FRESNO ST,FRESNO,ST,
FRIEDELL ST,FRIEDELL,ST,
FRIENDSHIP CT,FRIENDSHIP,CT,
FRONT ST,FRONT,ST,
FUENTE AVE,FUENTE,AVE,
FULTON ST,FULTON,ST,
FUNSTON AVE,FUNSTON,AVE,
FUNSTON RD,FUNSTON,RD,
GABILAN WAY,GABILAN,WAY,
GAISER CT,GAISER,CT,
GALEWOOD CIR,GALEWOOD,CIR,
GALILEE LN,GALILEE,LN,
GALINDO AVE,GALINDO,AVE,
GALLAGHER LN,GALLAGHER,LN,
GALVEZ AVE,GALVEZ,AVE,
GAMBIER ST,GAMBIER,ST,
GARCES DR,GARCES,DR,
GARCIA AVE,GARCIA,AVE,
GARDEN ST,GARDEN,ST,
GARDEN WAY,GARDEN,WAY,
GARDENER RD,GARDENER,RD,
GARDENSIDE DR,GARDENSIDE,DR,
GARFIELD ST,GARFIELD,ST,
GARLINGTON CT,GARLINGTON,CT,
GARNETT TER,GARNETT,TER,
GARRISON AVE,GARRISON,AVE,
GATES ST,GATES,ST,
GATEVIEW AVE,GATEVIEW,AVE,
GATEVIEW CT,GATEVIEW,CT,
GATEVIEW 1 CT,GATEVIEW 1,CT,
GATEVIEW 2 CT,GATEVIEW 2,CT,
GATEVIEW 3 CT,GATEVIEW 3,CT,
GATUN ALY,GATUN,ALY,
GAVEN ST,GAVEN,ST,
GAVIOTA WAY,GAVIOTA,WAY,
GEARY BLVD,GEARY,BLVD,
GEARY ST,GEARY,ST,
GELLERT DR,GELLERT,DR,
COHEN PL,COHEN,PL,
GENEBERN WAY,GENEBERN,WAY,
GENERAL KENNEDY AVE,GENERAL KENNEDY,AVE,
GENEVA AVE,GENEVA,AVE,
GENNESSEE ST,GENNESSEE,ST,
GENOA PL,GENOA,PL,
GEORGE CT,GEORGE,CT,
GEORGIA ST,GEORGIA,ST,
GERKE ALY,GERKE,ALY,
GERMANIA ST,GERMANIA,ST,
GETZ ST,GETZ,ST,
GGP ACCESS ROAD,GGP ACCESS ROAD,,
GIANTS DR,GIANTS,DR,
GIBB ST,GIBB,ST,
GIBBON CT,GIBBON,CT,
GIBBON LN,GIBBON,LN,
GIBSON RD,GIBSON,RD,
GILBERT ST,GILBERT,ST,
GILLETTE AVE,GILLETTE,AVE,
GILMAN AVE,GILMAN,AVE,
GILROY ST,GILROY,ST,
GIRARD RD,GIRARD,RD,
GIRARD ST,GIRARD,ST,
GLADEVIEW WAY,GLADEVIEW,WAY,
GLADIOLUS LN,GLADIOLUS,LN,
GLADSTONE DR,GLADSTONE,DR,
GLADYS ST,GLADYS,ST,
GLEN CT,GLEN,CT,
GLENBROOK AVE,GLENBROOK,AVE,
GLENDALE ST,GLENDALE,ST,
GLENHAVEN LN,GLENHAVEN,LN,
GLENVIEW DR,GLENVIEW,DR,
GLOBE ALY,GLOBE,ALY,
GLORIA CT,GLORIA,CT,
GLOVER ST,GLOVER,ST,
GODEUS ST,GODEUS,ST,
GOETHE ST,GOETHE,ST,
GOETTINGEN ST,GOETTINGEN,ST,
GOLD ST,GOLD,ST,
GOLD MINE DR,GOLD MINE,DR,
GOLDBERG LN,GOLDBERG,LN,
GOLDEN CT,GOLDEN,CT,
GOLDEN GATE AVE,GOLDEN GATE,AVE,
GOLDING LN,GOLDING,LN,
GOLETA AVE,GOLETA,AVE,
GOLF COURSE ACCESS RD,GOLF COURSE ACCESS,RD,
GONZALEZ DR,GONZALEZ,DR,
GORDON ST,GORDON,ST,
GORGAS AVE,GORGAS,AVE,
GORHAM ST,GORHAM,ST,
GOUGH ST,GOUGH,ST,
GOULD ST,GOULD,ST,
GRACE ST,GRACE,ST,
GRAFTON AVE,GRAFTON,AVE,
GRAHAM ST,GRAHAM,ST,
GRANADA AVE,GRANADA,AVE,
GRAND VIEW AVE,GRAND VIEW,AVE,
GRAND VIEW TER,GRAND VIEW,TER,
GRANT AVE,GRANT,AVE,
GRANVILLE WAY,GRANVILLE,WAY,
GRATTAN ST,GRATTAN,ST,
GRAYSTONE TER,GRAYSTONE,TER,
GREAT HWY,GREAT,HWY,
GREELY CT,GREELY,CT,
GREEN ST,GREEN,ST,
GREENOUGH AVE,GREENOUGH,AVE,
GREENVIEW CT,GREENVIEW,CT,
GREENWICH CT,GREENWICH,CT,
GREENWICH ST,GREENWICH,ST,
GREENWOOD AVE,GREENWOOD,AVE,
GRENARD TER,GRENARD,TER,
GRIFFITH ST,GRIFFITH,ST,
GRIJALVA DR,GRIJALVA,DR,
GROTE PL,GROTE,PL,
GROVE ST,GROVE,ST,
GUERRERO ST,GUERRERO,ST,
GUTTENBERG ST,GUTTENBERG,ST,
GUY PL,GUY,PL,
H ST,H,ST,
HABITAT TER,HABITAT,TER,
HAGIWARA TEA GARDEN DR,HAGIWARA TEA GARDEN,DR,
HAHN ST,HAHN,ST,
HAIGHT ST,HAIGHT,ST,
HALE ST,HALE,ST,
HALIBUT CT,HALIBUT,CT,
HALLAM ST,HALLAM,ST,
HALLECK ST,HALLECK,ST,
HALYBURTON CT,HALYBURTON,CT,
HAMERTON AVE,HAMERTON,AVE,
HAMILTON ST,HAMILTON,ST,
HAMLIN ST,HAMLIN,ST,
HAMPSHIRE ST,HAMPSHIRE,ST,
HANCOCK ST,HANCOCK,ST,
HANGAH ST,HANGAH,ST,
HANOVER ST,HANOVER,ST,
HARBOR RD,HARBOR,RD,
HARDIE AVE,HARDIE,AVE,
HARDIE PL,HARDIE,PL,
HARDING RD,HARDING,RD,
HARE ST,HARE,ST,
HARKNESS AVE,HARKNESS,AVE,
HARLAN PL,HARLAN,PL,
HARLEM ALY,HARLEM,ALY,
HARLOW ST,HARLOW,ST,
HARNEY WAY,HARNEY,WAY,
HAROLD AVE,HAROLD,AVE,
HARPER ST,HARPER,ST,
HARRIET LN,HARRIET,LN,
HARRIET ST,HARRIET,ST,
HARRINGTON ST,HARRINGTON,ST,
HARRIS PL,HARRIS,PL,
HARRISON BLVD,HARRISON,BLVD,
HARRISON ST,HARRISON,ST,
HARRY ST,HARRY,ST,
HARTFORD ST,HARTFORD,ST,
HARVARD ST,HARVARD,ST,
HASTINGS TER,HASTINGS,TER,
HATTIE ST,HATTIE,ST,
HAVELOCK ST,HAVELOCK,ST,
HAVENS ST,HAVENS,ST,
HAVENSIDE DR,HAVENSIDE,DR,
HAWES ST,HAWES,ST,
HAWKINS LN,HAWKINS,LN,
HAWTHORNE ST,HAWTHORNE,ST,
HAYES ST,HAYES,ST,
HAYS ST,HAYS,ST,
HAYWARD ST,HAYWARD,ST,
HAZELWOOD AVE,HAZELWOOD,AVE,
HEAD ST,HEAD,ST,
HEALY AVE,HEALY,AVE,
HEARST AVE,HEARST,AVE,
HEATHER AVE,HEATHER,AVE,
HELEN ST,HELEN,ST,
HELENA ST,HELENA,ST,
HEMLOCK ST,HEMLOCK,ST,
HEMWAY TER,HEMWAY,TER,
HENRY ST,HENRY,ST,
HENRY ADAMS ST,HENRY ADAMS,ST,
HERITAGE LN,HERITAGE,LN,
HERMANN ST,HERMANN,ST,
HERNANDEZ AVE,HERNANDEZ,AVE,
HERON ST,HERON,ST,
HESTER AVE,HESTER,AVE,
HEYMAN AVE,HEYMAN,AVE,
HICKORY ST,HICKORY,ST,
HICKS RD,HICKS,RD,
HIDALGO TER,HIDALGO,TER,
HIGH ST,HIGH,ST,
HIGHLAND AVE,HIGHLAND,AVE,
HIGUERA AVE,HIGUERA,AVE,
HILIRITAS AVE,HILIRITAS,AVE,
HILL DR,HILL,DR,
HILL ST,HILL,ST,
HILL POINT AVE,HILL POINT,AVE,
HILLCREST CT,HILLCREST,CT,
HILLCREST RD,HILLCREST,RD,
HILLSIDE LN,HILLSIDE,LN,
HILLVIEW CT,HILLVIEW,CT,
HILLWAY AVE,HILLWAY,AVE,
HILTON ST,HILTON,ST,
HIMMELMANN PL,HIMMELMANN,PL,
HITCHCOCK LN,HITCHCOCK,LN,
HITCHCOCK ST,HITCHCOCK,ST,
HOBART ALY,HOBART,ALY,
HODGES ALY,HODGES,ALY,
HOFF ST,HOFF,ST,
HOFFMAN AVE,HOFFMAN,AVE,
HOFFMAN ST,HOFFMAN,ST,
HOLLADAY AVE,HOLLADAY,AVE,
HOLLIS ST,HOLLIS,ST,
HOLLISTER AVE,HOLLISTER,AVE,
HOLLOWAY AVE,HOLLOWAY,AVE,
HOLLY PARK CIR,HOLLY PARK,CIR,
HOLLYWOOD CT,HOLLYWOOD,CT,
HOLYOKE ST,HOLYOKE,ST,
HOMER ST,HOMER,ST,
HOMESTEAD ST,HOMESTEAD,ST,
HOMEWOOD CT,HOMEWOOD,CT,
HOOKER ALY,HOOKER,ALY,
HOOPER ST,HOOPER,ST,
HOPKINS AVE,HOPKINS,AVE,
HORACE ST,HORACE,ST,
HORNE AVE,HORNE,AVE,
HOTALING PL,HOTALING,PL,
HOUSTON ST,HOUSTON,ST,
HOWARD CT,HOWARD,CT,
HOWARD RD,HOWARD,RD,
HOWARD ST,HOWARD,ST,
HOWTH ST,HOWTH,ST,
HUBBELL ST,HUBBELL,ST,
HUDSON AVE,HUDSON,AVE,
HUGO ST,HUGO,ST,
HULBERT ALY,HULBERT,ALY,
HUMBOLDT ST,HUMBOLDT,ST,
HUNT ST,HUNT,ST,
HUNTER RD,HUNTER,RD,
HUNTER ST,HUNTER,ST,
HUNTERS POINT BLVD,HUNTERS POINT,BLVD,
HUNTERS POINT EXPY,HUNTERS POINT,EXPY,
HUNTINGTON DR,HUNTINGTON,DR,
HURON AVE,HURON,AVE,
HUSSEY ST,HUSSEY,ST,
HUTCHINS CT,HUTCHINS,CT,
HWY 1 NORTHBOUND,HWY 1 NORTHBOUND,,
HWY 1 SOUTHBOUND,HWY 1 SOUTHBOUND,,
HWY 1 TO HWY 101 NORTHBOUND RAMP,HWY 1 TO HWY 101 NORTHBOUND,RAMP,
HWY 1 TO HWY 101 SOUTHBOUND RAMP,HWY 1 TO HWY 101 SOUTHBOUND,RAMP,
HWY 101 N OFF RAMP,HWY 101 N OFF,RAMP,
HWY 101 N ON RAMP,HWY 101 N ON,RAMP,
HWY 101 NORTHBOUND,HWY 101 NORTHBOUND,,
HWY 101 NORTHBOUND RAMP,HWY 101 NORTHBOUND,RAMP,
HWY 101 S OFF RAMP,HWY 101 S OFF,RAMP,
HWY 101 S ON RAMP,HWY 101 S ON,RAMP,
HWY 101 SOUTHBOUND,HWY 101 SOUTHBOUND,,
HWY 101 SOUTHBOUND RAMP,HWY 101 SOUTHBOUND,RAMP,
HWY 101 TO HWY 1 RAMP,HWY 101 TO HWY 1,RAMP,
HWY 101 TO I-280 RAMP,HWY 101 TO I-280,RAMP,
HWY 101 TO I-80 RAMP,HWY 101 TO I-80,RAMP,
HYDE ST,HYDE,ST,
I ST,I,ST,
I-280 N OFF RAMP,I-280 N OFF,RAMP,
I-280 N ON RAMP,I-280 N ON,RAMP,
I-280 NORTHBOUND,I-280 NORTHBOUND,,
I-280 S OFF RAMP,I-280 S OFF,RAMP,
I-280 S ON RAMP,I-280 S ON,RAMP,
I-280 SOUTHBOUND,I-280 SOUTHBOUND,,
JUANITA WAY,JUANITA,WAY,
I-280 TO HWY 101 RAMP,I-280 TO HWY 101,RAMP,
I-80 E OFF RAMP,I-80 E OFF,RAMP,
I-80 E ON RAMP,I-80 E ON,RAMP,
I-80 EASTBOUND,I-80 EASTBOUND,,
I-80 TO HWY 101 RAMP,I-80 TO HWY 101,RAMP,
I-80 W OFF RAMP,I-80 W OFF,RAMP,
I-80 W ON RAMP,I-80 W ON,RAMP,
I-80 WESTBOUND,I-80 WESTBOUND,,
ICEHOUSE ALY,ICEHOUSE,ALY,
IDORA AVE,IDORA,AVE,
IGNACIO AVE,IGNACIO,AVE,
ILLINOIS ST,ILLINOIS,ST,
ILS LN,ILS,LN,
IMPERIAL ALY,IMPERIAL,ALY,
INA CT,INA,CT,
INCA LN,INCA,LN,
INCINERATOR RD,INCINERATOR,RD,
INDIA ST,INDIA,ST,
INDIANA ST,INDIANA,ST,
INDUSTRIAL ST,INDUSTRIAL,ST,
INDUSTRIAL ST OFF RAMP,INDUSTRIAL ST OFF,RAMP,
INDUSTRIAL ST ON RAMP,INDUSTRIAL ST ON,RAMP,
INFANTRY TER,INFANTRY,TER,
INGALLS ST,INGALLS,ST,
INGERSON AVE,INGERSON,AVE,
INGLESIDE PATH,INGLESIDE,PATH,
INNES AVE,INNES,AVE,
PHILLIPS LN,PHILLIPS,LN,
INVERNESS DR,INVERNESS,DR,
IOWA ST,IOWA,ST,
IRIS AVE,IRIS,AVE,
IRON ALY,IRON,ALY,
BRUTON ST,BRUTON,ST,
IRVING ST,IRVING,ST,
IRWIN ST,IRWIN,ST,
ISADORA DUNCAN LN,ISADORA DUNCAN,LN,
ISIS ST,ISIS,ST,
ISLAIS ST,ISLAIS,ST,
ISOLA WAY,ISOLA,WAY,
ISSLEIB AVE,ISSLEIB,AVE,
ITALY AVE,ITALY,AVE,
IVY ST,IVY,ST,
J ST,J,ST,
JACK BALESTRERI WAY,JACK BALESTRERI,WAY,
JACK KEROUAC ALY,JACK KEROUAC,ALY,
JACK LONDON ALY,JACK LONDON,ALY,
JACK MICHELINE ALY,JACK MICHELINE,ALY,
JACKSON ST,JACKSON,ST,
JADE PL,JADE,PL,
JAKEY CT,JAKEY,CT,
JAMES PL,JAMES,PL,
JAMESTOWN AVE,JAMESTOWN,AVE,
JANSEN ST,JANSEN,ST,
JARBOE AVE,JARBOE,AVE,
JASON CT,JASON,CT,
JASPER PL,JASPER,PL,
JAUSS ST,JAUSS,ST,
JAVA ST,JAVA,ST,
JEAN WAY,JEAN,WAY,
JEFFERSON ST,JEFFERSON,ST,
JENNIFER PL,JENNIFER,PL,
JENNINGS CT,JENNINGS,CT,
JENNINGS ST,JENNINGS,ST,
JEROME ALY,JEROME,ALY,
JERROLD AVE,JERROLD,AVE,
JERSEY ST,JERSEY,ST,
JESSIE ST,JESSIE,ST,
JESSIE EAST ST,JESSIE EAST,ST,
JESSIE WEST ST,JESSIE WEST,ST,
JEWETT ST,JEWETT,ST,
JOHN ST,JOHN,ST,
JOHN F KENNEDY DR,JOHN F KENNEDY,DR,
JOHN F SHELLEY DR,JOHN F SHELLEY,DR,
JOHN MAHER ST,JOHN MAHER,ST,
JOHN MUIR DR,JOHN MUIR,DR,
JOHNSTONE DR,JOHNSTONE,DR,
JOICE ST,JOICE,ST,
JONES ST,JONES,ST,
JOOST AVE,JOOST,AVE,
JORDAN AVE,JORDAN,AVE,
JOSE SARRIA CT,JOSE SARRIA,CT,
JOSEPHA AVE,JOSEPHA,AVE,
JOSIAH AVE,JOSIAH,AVE,
JOY ST,JOY,ST,
JUAN BAUTISTA CIR,JUAN BAUTISTA,CIR,
JUDAH ST,JUDAH,ST,
JUDSON AVE,JUDSON,AVE,
JULES AVE,JULES,AVE,
JULIA ST,JULIA,ST,
JULIAN AVE,JULIAN,AVE,
JULIUS ST,JULIUS,ST,
JUNIOR TER,JUNIOR,TER,
JUNIPER ST,JUNIPER,ST,
JUNIPERO SERRA BLVD,JUNIPERO SERRA,BLVD,
JUNIPERO SERRA BLVD OFF RAMP,JUNIPERO SERRA BLVD OFF,RAMP,
JUNIPERO SERRA BLVD ON RAMP,JUNIPERO SERRA BLVD ON,RAMP,
JURI ST,JURI,ST,
JUSTIN DR,JUSTIN,DR,
KALMANOVITZ ST,KALMANOVITZ,ST,
KAMILLE CT,KAMILLE,CT,
KANSAS ST,KANSAS,ST,
KAPLAN LN,KAPLAN,LN,
KAREN CT,KAREN,CT,
KATE ST,KATE,ST,
KEARNY LN,KEARNY,LN,
KEARNY ST,KEARNY,ST,
KEITH ST,KEITH,ST,
KELLOCH AVE,KELLOCH,AVE,
KEMPTON AVE,KEMPTON,AVE,
KENDALL DR,KENDALL,DR,
MRS. JACKSON WAY,MRS. JACKSON,WAY,
KENNETH REXROTH PL,KENNETH REXROTH,PL,
KENNY ALY,KENNY,ALY,
KENSINGTON WAY,KENSINGTON,WAY,
KENT ST,KENT,ST,
KENWOOD WAY,KENWOOD,WAY,
KEPPLER CT,KEPPLER,CT,
KERN ST,KERN,ST,
KEY AVE,KEY,AVE,
KEYES ALY,KEYES,ALY,
KEYES AVE,KEYES,AVE,
KEYSTONE WAY,KEYSTONE,WAY,
KEZAR DR,KEZAR,DR,
KIMBALL PL,KIMBALL,PL,
KING ST,KING,ST,
KINGSTON ST,KINGSTON,ST,
KINZEY ST,KINZEY,ST,
KIRKHAM ST,KIRKHAM,ST,
KIRKWOOD AVE,KIRKWOOD,AVE,
KISKA RD,KISKA,RD,
KISSLING ST,KISSLING,ST,
KITTREDGE TER,KITTREDGE,TER,
KNOCKASH HL,KNOCKASH,HL,
KNOLLVIEW WAY,KNOLLVIEW,WAY,
KNOTT CT,KNOTT,CT,
KOBBE AVE,KOBBE,AVE,
KOHLER PL,KOHLER,PL,
KORET WAY,KORET,WAY,
KRAMER PL,KRAMER,PL,
KRAUSGRILL PL,KRAUSGRILL,PL,
KRONQUIST CT,KRONQUIST,CT,
LA AVANZADA,LA AVANZADA,,
LA BICA WAY,LA BICA,WAY,
LA FERRERA TER,LA FERRERA,TER,
LA GRANDE AVE,LA GRANDE,AVE,
LA PLAYA,LA PLAYA,,
LA SALLE AVE,LA SALLE,AVE,
LAFAYETTE ST,LAFAYETTE,ST,
LAGUNA ST,LAGUNA,ST,
LAGUNA HONDA BLVD,LAGUNA HONDA,BLVD,
LAGUNITAS DR,LAGUNITAS,DR,
LAIDLEY ST,LAIDLEY,ST,
LAKE ST,LAKE,ST,
LAKE FOREST CT,LAKE FOREST,CT,
LAKE MERCED BLVD,LAKE MERCED,BLVD,
LAKE MERCED HILL,LAKE MERCED HILL,,
LAKESHORE DR,LAKESHORE,DR,
LAKESHORE PLZ,LAKESHORE,PLZ,
LAKEVIEW AVE,LAKEVIEW,AVE,
LAKEWOOD AVE,LAKEWOOD,AVE,
LAMARTINE ST,LAMARTINE,ST,
LAMSON LN,LAMSON,LN,
LANCASTER LN,LANCASTER,LN,
LANDERS ST,LANDERS,ST,
LANE ST,LANE,ST,
LANGDON CT,LANGDON,CT,
LANGTON ST,LANGTON,ST,
LANSDALE AVE,LANSDALE,AVE,
KELHAM ST,KELHAM,ST,
HARMONIA ST,HARMONIA,ST,
LANSING ST,LANSING,ST,
LAPHAM WAY,LAPHAM,WAY,
LAPIDGE ST,LAPIDGE,ST,
LAPU-LAPU ST,LAPU-LAPU,ST,
LARCH ST,LARCH,ST,
LARKIN ST,LARKIN,ST,
LAS VILLAS CT,LAS VILLAS,CT,
LASKIE ST,LASKIE,ST,
LASSEN ALY,LASSEN,ALY,
LATHROP AVE,LATHROP,AVE,
LATONA ST,LATONA,ST,
LAURA ST,LAURA,ST,
LAUREL ST,LAUREL,ST,
LAUREN CT,LAUREN,CT,
LAUSSAT ST,LAUSSAT,ST,
LAWRENCE AVE,LAWRENCE,AVE,
LAWTON ST,LAWTON,ST,
LE CONTE AVE,LE CONTE,AVE,
LE CONTE CIR,LE CONTE,CIR,
LEAVENWORTH ST,LEAVENWORTH,ST,
LEDYARD ST,LEDYARD,ST,
LEE AVE,LEE,AVE,
LEESE ST,LEESE,ST,
LEGION CT,LEGION,CT,
LEGION OF HONOR DR,LEGION OF HONOR,DR,
LEIDESDORFF ST,LEIDESDORFF,ST,
LELAND AVE,LELAND,AVE,
LENDRUM CT,LENDRUM,CT,
LENOX WAY,LENOX,WAY,
LEO ST,LEO,ST,
LEONA TER,LEONA,TER,
LEROY PL,LEROY,PL,
LESSING ST,LESSING,ST,
LESTER CT,LESTER,CT,
LETTERMAN DR,LETTERMAN,DR,
LETTERMAN HOSPITAL ACCESS,LETTERMAN HOSPITAL ACCESS,,
BURROWS DR,BURROWS,DR,
LEVANT ST,LEVANT,ST,
LEXINGTON ST,LEXINGTON,ST,
LIBERTY ST,LIBERTY,ST,
LICK PL,LICK,PL,
LIEBIG ST,LIEBIG,ST,
LIGGETT AVE,LIGGETT,AVE,
LILAC ST,LILAC,ST,
LILLIAN ST,LILLIAN,ST,
LILY ST,LILY,ST,
LINARES AVE,LINARES,AVE,
LINCOLN BLVD,LINCOLN,BLVD,
LINCOLN CT,LINCOLN,CT,
LINCOLN WAY,LINCOLN,WAY,
LINDA ST,LINDA,ST,
LINDA VISTA STPS,LINDA VISTA,STPS,
LINDEN ST,LINDEN,ST,
LINDSAY CIR,LINDSAY,CIR,
LIPPARD AVE,LIPPARD,AVE,
LISBON ST,LISBON,ST,
LITTLEFIELD TER,LITTLEFIELD,TER,
LIVINGSTON ST,LIVINGSTON,ST,
LLOYD ST,LLOYD,ST,
LOBOS ST,LOBOS,ST,
LOCKSLEY AVE,LOCKSLEY,AVE,
LOCKWOOD ST,LOCKWOOD,ST,
LOCUST ST,LOCUST,ST,
LOEHR ST,LOEHR,ST,
LOIS LN,LOIS,LN,
LOMA VISTA TER,LOMA VISTA,TER,
LOMBARD ST,LOMBARD,ST,
LOMITA AVE,LOMITA,AVE,
LONDON ST,LONDON,ST,
LONE MOUNTAIN TER,LONE MOUNTAIN,TER,
LONG AVE,LONG,AVE,
LONG BRIDGE ST,LONG BRIDGE,ST,
LONGVIEW CT,LONGVIEW,CT,
LOOMIS ST,LOOMIS,ST,
LOPEZ AVE,LOPEZ,AVE,
LORAINE CT,LORAINE,CT,
LORI LN,LORI,LN,
LOS PALMOS DR,LOS PALMOS,DR,
LOTTIE BENNETT LN,LOTTIE BENNETT,LN,
LOUISBURG ST,LOUISBURG,ST,
LOUISIANA ST,LOUISIANA,ST,
LOWELL ST,LOWELL,ST,
LOWER TER,LOWER,TER,
LOWER FORT MASON ST,LOWER FORT MASON,ST,
LOYOLA TER,LOYOLA,TER,
LUCERNE ST,LUCERNE,ST,
LUCKY ST,LUCKY,ST,
LUCY ST,LUCY,ST,
LUDLOW ALY,LUDLOW,ALY,
LULU ALY,LULU,ALY,
LUNADO CT,LUNADO,CT,
LUNADO WAY,LUNADO,WAY,
LUNDEEN ST,LUNDEEN,ST,
LUNDYS LN,LUNDYS,LN,
LUPINE AVE,LUPINE,AVE,
LURLINE ST,LURLINE,ST,
LURMONT TER,LURMONT,TER,
LUSK ST,LUSK,ST,
LYDIA AVE,LYDIA,AVE,
LYELL ST,LYELL,ST,
LYNCH ST,LYNCH,ST,
LYNDHURST DR,LYNDHURST,DR,
LYON ST,LYON,ST,
LYSETTE ST,LYSETTE,ST,
MABEL ALY,MABEL,ALY,
MABINI ST,MABINI,ST,
MABREY CT,MABREY,CT,
MACALLA CT,MACALLA,CT,
MACALLA RD,MACALLA,RD,
MACARTHUR AVE,MACARTHUR,AVE,
MACEDONIA ST,MACEDONIA,ST,
MACONDRAY LN,MACONDRAY,LN,
MADDUX AVE,MADDUX,AVE,
MADERA ST,MADERA,ST,
MADISON ST,MADISON,ST,
MADRID ST,MADRID,ST,
MADRONE AVE,MADRONE,AVE,
MAGELLAN AVE,MAGELLAN,AVE,
MAGNOLIA ST,MAGNOLIA,ST,
MAHAN ST,MAHAN,ST,
MAIDEN LN,MAIDEN,LN,
MAIN DR,MAIN,DR,
MAIN ST,MAIN,ST,
MAJESTIC AVE,MAJESTIC,AVE,
MALDEN ALY,MALDEN,ALY,
MALLORCA WAY,MALLORCA,WAY,
MALTA DR,MALTA,DR,
MALVINA PL,MALVINA,PL,
MANCHESTER ST,MANCHESTER,ST,
MANDALAY LN,MANDALAY,LN,
MANGELS AVE,MANGELS,AVE,
MANOR DR,MANOR,DR,
MANSEAU ST,MANSEAU,ST,
MANSELL ST,MANSELL,ST,
MANSFIELD ST,MANSFIELD,ST,
MANZANITA AVE,MANZANITA,AVE,
MAPLE ST,MAPLE,ST,
MARCELA AVE,MARCELA,AVE,
MARCY PL,MARCY,PL,
MARENGO ST,MARENGO,ST,
MARGARET AVE,MARGARET,AVE,
MARGRAVE PL,MARGRAVE,PL,
MARIETTA DR,MARIETTA,DR,
MARIN ST,MARIN,ST,
MARINA BLVD,MARINA,BLVD,
MARINA GREEN DR,MARINA GREEN,DR,
MARINE DR,MARINE,DR,
MARINER DR,MARINER,DR,
MARION PL,MARION,PL,
MARIPOSA ST,MARIPOSA,ST,
MARIST CT,MARIST,CT,
MARK LN,MARK,LN,
MARK TWAIN PL,MARK TWAIN,PL,
MARKET ST,MARKET,ST,
MARLIN CT,MARLIN,CT,
MARNE AVE,MARNE,AVE,
MARS ST,MARS,ST,
MARSHALL ST,MARSHALL,ST,
MARSILY ST,MARSILY,ST,
MARSTON AVE,MARSTON,AVE,
MARTHA AVE,MARTHA,AVE,
MARTIN LUTHER KING JR DR,MARTIN LUTHER KING JR,DR,
MARTINEZ ST,MARTINEZ,ST,
MARVEL CT,MARVEL,CT,
MARVIEW WAY,MARVIEW,WAY,
MARY ST,MARY,ST,
MARY TERESA ST,MARY TERESA,ST,
MARYLAND ST,MARYLAND,ST,
MASON CT,MASON,CT,
MASON ST,MASON,ST,
MASONIC AVE,MASONIC,AVE,
MASSACHUSETTS ST,MASSACHUSETTS,ST,
MASSASOIT ST,MASSASOIT,ST,
MATEO ST,MATEO,ST,
MATTHEW CT,MATTHEW,CT,
MAULDIN ST,MAULDIN,ST,
MAXWELL CT,MAXWELL,CT,
MAYFAIR DR,MAYFAIR,DR,
MAYFLOWER ST,MAYFLOWER,ST,
MAYNARD ST,MAYNARD,ST,
MAYWOOD DR,MAYWOOD,DR,
MCALLISTER ST,MCALLISTER,ST,
MCCANN ST,MCCANN,ST,
MCCARTHY AVE,MCCARTHY,AVE,
MCCOPPIN ST,MCCOPPIN,ST,
MCCORMICK ST,MCCORMICK,ST,
MCDONALD ST,MCDONALD,ST,
MCDOWELL AVE,MCDOWELL,AVE,
MCKINLEY AVE,MCKINLEY,AVE,
MCKINNON AVE,MCKINNON,AVE,
MCLAREN AVE,MCLAREN,AVE,
MCLAREN LODGE ACCESS RD,MCLAREN LODGE ACCESS,RD,
MCLEA CT,MCLEA,CT,
MCNAIR CT,MCNAIR,CT,
MCRAE LN,MCRAE,LN,
MCRAE ST,MCRAE,ST,
MEACHAM PL,MEACHAM,PL,
MEADE AVE,MEADE,AVE,
MEADOWBROOK DR,MEADOWBROOK,DR,
MEDA AVE,MEDA,AVE,
MEDAU PL,MEDAU,PL,
MEDICAL CENTER WAY,MEDICAL CENTER,WAY,
MEGAN DR,MEGAN,DR,
MELBA AVE,MELBA,AVE,
MELRA CT,MELRA,CT,
MELROSE AVE,MELROSE,AVE,
MENDELL ST,MENDELL,ST,
MENDOSA AVE,MENDOSA,AVE,
MENOHER LN,MENOHER,LN,
MERCATO CT,MERCATO,CT,
MERCED AVE,MERCED,AVE,
MERCEDES WAY,MERCEDES,WAY,
MERCHANT RD,MERCHANT,RD,
MERCHANT ST,MERCHANT,ST,
MERCURY ST,MERCURY,ST,
MERLIN ST,MERLIN,ST,
MERRIAM LN,MERRIAM,LN,
MERRIE WAY,MERRIE,WAY,
MERRILL ST,MERRILL,ST,
MERRIMAC ST,MERRIMAC,ST,
MERRITT ST,MERRITT,ST,
MERSEY ST,MERSEY,ST,
MESA AVE,MESA,AVE,
MESA ST,MESA,ST,
METSON RD,METSON,RD,
MICHIGAN ST,MICHIGAN,ST,
MIDCREST WAY,MIDCREST,WAY,
MIDDLE POINT RD,MIDDLE POINT,RD,
MIDDLE WEST DR,MIDDLE WEST,DR,
MIDDLEFIELD DR,MIDDLEFIELD,DR,
MIDWAY ST,MIDWAY,ST,
MIGUEL ST,MIGUEL,ST,
MILAN TER,MILAN,TER,
MILES CT,MILES,CT,
MILES ST,MILES,ST,
MILEY ST,MILEY,ST,
MILL ST,MILL,ST,
MILLER PL,MILLER,PL,
MILLER RD,MILLER,RD,
MILLWRIGHT COTTAGE ACCESS RD,MILLWRIGHT COTTAGE ACCESS,RD,
MILTON ST,MILTON,ST,
MINERVA ST,MINERVA,ST,
MINNA ST,MINNA,ST,
MINNESOTA ST,MINNESOTA,ST,
MINT PLZ,MINT,PLZ,
MINT ST,MINT,ST,
MIRABEL AVE,MIRABEL,AVE,
MIRALOMA DR,MIRALOMA,DR,
MIRAMAR AVE,MIRAMAR,AVE,
MIRANDO WAY,MIRANDO,WAY,
MISSION ST,MISSION,ST,
BLOSSOM LN,BLOSSOM,LN,
SIXTH ST,SIXTH,ST,
MISSION BAY CIR,MISSION BAY,CIR,
MISSION BAY DR,MISSION BAY,DR,
IRONWOOD WAY,IRONWOOD,WAY,
CATALINA ST,CATALINA,ST,
MISSION ROCK ST,MISSION ROCK,ST,
MISSISSIPPI ST,MISSISSIPPI,ST,
MISSOURI ST,MISSOURI,ST,
MISTRAL ST,MISTRAL,ST,
MIZPAH ST,MIZPAH,ST,
MODOC AVE,MODOC,AVE,
MOFFITT ST,MOFFITT,ST,
MOJAVE ST,MOJAVE,ST,
MOLIMO DR,MOLIMO,DR,
MONCADA WAY,MONCADA,WAY,
MONETA CT,MONETA,CT,
MONETA WAY,MONETA,WAY,
MONO ST,MONO,ST,
MONTAGUE PL,MONTAGUE,PL,
MONTALVO AVE,MONTALVO,AVE,
MONTANA ST,MONTANA,ST,
MONTCALM ST,MONTCALM,ST,
PARK ST,PARK,ST,
MONTCLAIR TER,MONTCLAIR,TER,
MONTE VISTA DR,MONTE VISTA,DR,
MONTECITO AVE,MONTECITO,AVE,
MONTEREY BLVD,MONTEREY,BLVD,
MONTEZUMA ST,MONTEZUMA,ST,
MONTGOMERY ST,MONTGOMERY,ST,
MONTICELLO ST,MONTICELLO,ST,
MONUMENT WAY,MONUMENT,WAY,
MOORE LN,MOORE,LN,
MOORE PL,MOORE,PL,
MORAGA AVE,MORAGA,AVE,
MORAGA ST,MORAGA,ST,
MORELAND ST,MORELAND,ST,
MORGAN ALY,MORGAN,ALY,
MORNINGSIDE DR,MORNINGSIDE,DR,
MORRELL PL,MORRELL,PL,
MORRELL ST,MORRELL,ST,
MORRIS ST,MORRIS,ST,
MORSE ST,MORSE,ST,
MORTON ST,MORTON,ST,
MOSCOW ST,MOSCOW,ST,
MOSS ST,MOSS,ST,
MOULTON ST,MOULTON,ST,
MOULTRIE ST,MOULTRIE,ST,
MOUNT LN,MOUNT,LN,
MOUNT VERNON AVE,MOUNT VERNON,AVE,
MOUNTAIN SPRING AVE,MOUNTAIN SPRING,AVE,
MOUNTVIEW CT,MOUNTVIEW,CT,
MUIR CT,MUIR,CT,
MUIR LOOP,MUIR,LOOP,
MULFORD ALY,MULFORD,ALY,
MULLEN AVE,MULLEN,AVE,
MUNICH ST,MUNICH,ST,
MURRAY LN,MURRAY,LN,
MURRAY ST,MURRAY,ST,
MUSEUM WAY,MUSEUM,WAY,
MUSIC CONCOURSE DR,MUSIC CONCOURSE,DR,
MUSIC CONCOURSE ACCESS RD,MUSIC CONCOURSE ACCESS,RD,
MYRA WAY,MYRA,WAY,
MYRTLE ST,MYRTLE,ST,
NADELL CT,NADELL,CT,
NAGLEE AVE,NAGLEE,AVE,
NAHUA AVE,NAHUA,AVE,
NANCY PELOSI DR,NANCY PELOSI,DR,
NANTUCKET AVE,NANTUCKET,AVE,
NAPIER LN,NAPIER,LN,
NAPLES ST,NAPLES,ST,
NAPOLEON ST,NAPOLEON,ST,
NATICK ST,NATICK,ST,
NATOMA ST,NATOMA,ST,
NAUMAN RD,NAUMAN,RD,
NAUTILUS DR,NAUTILUS,DR,
NAVAJO AVE,NAVAJO,AVE,
NAVY RD,NAVY,RD,
NAYLOR ST,NAYLOR,ST,
NEBRASKA ST,NEBRASKA,ST,
NELLIE ST,NELLIE,ST,
NELSON AVE,NELSON,AVE,
NELSON RISING LN,NELSON RISING,LN,
NEPTUNE ST,NEPTUNE,ST,
NEVADA ST,NEVADA,ST,
NEW MONTGOMERY ST,NEW MONTGOMERY,ST,
NEWBURG ST,NEWBURG,ST,
NEWCOMB AVE,NEWCOMB,AVE,
NEWELL ST,NEWELL,ST,
NEWHALL ST,NEWHALL,ST,
NEWMAN ST,NEWMAN,ST,
NEWTON ST,NEWTON,ST,
NEY ST,NEY,ST,
NIAGARA AVE,NIAGARA,AVE,
NIANTIC AVE,NIANTIC,AVE,
NIBBI CT,NIBBI,CT,
NICHOLS WAY,NICHOLS,WAY,
NIDO AVE,NIDO,AVE,
NIMITZ AVE,NIMITZ,AVE,
NIMITZ DR,NIMITZ,DR,
NIMITZ LN,NIMITZ,LN,
NOB HILL PL,NOB HILL,PL,
NOBLES ALY,NOBLES,ALY,
NOE ST,NOE,ST,
NORDHOFF ST,NORDHOFF,ST,
NORFOLK ST,NORFOLK,ST,
NORIEGA ST,NORIEGA,ST,
NORMANDIE TER,NORMANDIE,TER,
NORTH DR,NORTH,DR,
NORTH 15TH AVE,NORTH 15TH,AVE,
NORTH GATE RD,NORTH GATE,RD,
NORTH HUGHES LN,NORTH HUGHES,LN,
NORTH POINT ST,NORTH POINT,ST,
NORTH VAN HORN LN,NORTH VAN HORN,LN,
NORTH VIEW CT,NORTH VIEW,CT,
NORTHGATE DR,NORTHGATE,DR,
NORTHPOINT DR,NORTHPOINT,DR,
NORTHRIDGE RD,NORTHRIDGE,RD,
NORTHWOOD DR,NORTHWOOD,DR,
NORTON ST,NORTON,ST,
NORWICH ST,NORWICH,ST,
NOTTINGHAM PL,NOTTINGHAM,PL,
NUEVA AVE,NUEVA,AVE,
OAK ST,OAK,ST,
OAK ACCESS RD,OAK ACCESS,RD,
OAK GROVE ST,OAK GROVE,ST,
OAK PARK DR,OAK PARK,DR,
OAKDALE AVE,OAKDALE,AVE,
OAKHURST LN,OAKHURST,LN,
OAKWOOD ST,OAKWOOD,ST,
OCEAN AVE,OCEAN,AVE,
OCEANVIEW TER,OCEANVIEW,TER,
OCTAVIA ST,OCTAVIA,ST,
OFARRELL ST,OFARRELL,ST,
OGDEN AVE,OGDEN,AVE,
OHLONE WAY,OHLONE,WAY,
OLD CHINATOWN LN,OLD CHINATOWN,LN,
OLD MASON ST,OLD MASON,ST,
OLIVE ST,OLIVE,ST,
OLIVER ST,OLIVER,ST,
OLMSTEAD ST,OLMSTEAD,ST,
OLNEY AVE,OLNEY,AVE,
OLORAN AVE,OLORAN,AVE,
OLYMPIA WAY,OLYMPIA,WAY,
OLYMPIC COUNTRY CLUB RD,OLYMPIC COUNTRY CLUB,RD,
OMAR WAY,OMAR,WAY,
ONEIDA AVE,ONEIDA,AVE,
ONIQUE LN,ONIQUE,LN,
ONONDAGA AVE,ONONDAGA,AVE,
OPAL PL,OPAL,PL,
OPALO LN,OPALO,LN,
OPHIR ALY,OPHIR,ALY,
ORA WAY,ORA,WAY,
ORANGE ALY,ORANGE,ALY,
ORBEN PL,ORBEN,PL,
ORD CT,ORD,CT,
ORD ST,ORD,ST,
ORDWAY ST,ORDWAY,ST,
OREILLY AVE,OREILLY,AVE,
ORIOLE WAY,ORIOLE,WAY,
ORIZABA AVE,ORIZABA,AVE,
ORSI CIR,ORSI,CIR,
ORTEGA ST,ORTEGA,ST,
ORTEGA WAY,ORTEGA,WAY,
OSAGE ALY,OSAGE,ALY,
OSCAR ALY,OSCAR,ALY,
OSCEOLA LN,OSCEOLA,LN,
OSGOOD PL,OSGOOD,PL,
OSHAUGHNESSY BLVD,OSHAUGHNESSY,BLVD,
OTEGA AVE,OTEGA,AVE,
OTIS ST,OTIS,ST,
OTSEGO AVE,OTSEGO,AVE,
OTTAWA AVE,OTTAWA,AVE,
OTTER COVE TER,OTTER COVE,TER,
OVERLOOK DR,OVERLOOK,DR,
OWEN ST,OWEN,ST,
OWENS ST,OWENS,ST,
OXFORD ST,OXFORD,ST,
OZBOURN CT,OZBOURN,CT,
PACHECO ST,PACHECO,ST,
PACIFIC AVE,PACIFIC,AVE,
PAGE ST,PAGE,ST,
PAGODA PL,PAGODA,PL,
PALM AVE,PALM,AVE,
PALMETTO AVE,PALMETTO,AVE,
PALO ALTO AVE,PALO ALTO,AVE,
PALOMA AVE,PALOMA,AVE,
PALOS PL,PALOS,PL,
PALOU AVE,PALOU,AVE,
PANAMA ST,PANAMA,ST,
PANORAMA DR,PANORAMA,DR,
PARADISE AVE,PARADISE,AVE,
PARAISO PL,PARAISO,PL,
PARAMOUNT TER,PARAMOUNT,TER,
PARIS ST,PARIS,ST,
PARK BLVD,PARK,BLVD,
PARK HILL AVE,PARK HILL,AVE,
PARK PRESIDIO BLVD,PARK PRESIDIO,BLVD,
PARK PRESIDIO BYPASS DR,PARK PRESIDIO BYPASS,DR,
PARKER AVE,PARKER,AVE,
PARKHURST ALY,PARKHURST,ALY,
PARKRIDGE DR,PARKRIDGE,DR,
PARNASSUS AVE,PARNASSUS,AVE,
PARQUE DR,PARQUE,DR,
PARSONS ST,PARSONS,ST,
PASADENA ST,PASADENA,ST,
PATTEN RD,PATTEN,RD,
PATTERSON ST,PATTERSON,ST,
PATTON CT,PATTON,CT,
PATTON ST,PATTON,ST,
PAUL AVE,PAUL,AVE,
PAULDING ST,PAULDING,ST,
PAYSON ST,PAYSON,ST,
PEABODY ST,PEABODY,ST,
PEARL ST,PEARL,ST,
PEEK LN,PEEK,LN,
PELICAN COVE TER,PELICAN COVE,TER,
PELTON PL,PELTON,PL,
PEMBERTON PL,PEMBERTON,PL,
PENA ST,PENA,ST,
PENINSULA AVE,PENINSULA,AVE,
PENNINGTON ST,PENNINGTON,ST,
PENNSYLVANIA AVE,PENNSYLVANIA,AVE,
PENNY LN,PENNY,LN,
PERALTA AVE,PERALTA,AVE,
PERASTO AVE,PERASTO,AVE,
PEREGO TER,PEREGO,TER,
PERIMETER PATH,PERIMETER,PATH,
PERINE PL,PERINE,PL,
PERRY ST,PERRY,ST,
PERSHING DR,PERSHING,DR,
PERSIA AVE,PERSIA,AVE,
PERU AVE,PERU,AVE,
PETER YORKE WAY,PETER YORKE,WAY,
PETERS AVE,PETERS,AVE,
PETRARCH PL,PETRARCH,PL,
PFEIFFER ST,PFEIFFER,ST,
BRISTOL CT,BRISTOL,CT,
PHELPS ST,PHELPS,ST,
PHOENIX TER,PHOENIX,TER,
PICO AVE,PICO,AVE,
PIEDMONT ST,PIEDMONT,ST,
PIERCE ST,PIERCE,ST,
MAYBECK ST,MAYBECK,ST,
PILGRIM AVE,PILGRIM,AVE,
PINAR LN,PINAR,LN,
PINE ST,PINE,ST,
PINEHURST WAY,PINEHURST,WAY,
PINK ALY,PINK,ALY,
PINO ALY,PINO,ALY,
PINTO AVE,PINTO,AVE,
PIOCHE ST,PIOCHE,ST,
PIPER LOOP,PIPER,LOOP,
PIXLEY ST,PIXLEY,ST,
PIZARRO WAY,PIZARRO,WAY,
PLAZA ST,PLAZA,ST,
PLEASANT ST,PLEASANT,ST,
PLUM ST,PLUM,ST,
PLYMOUTH AVE,PLYMOUTH,AVE,
POINT LOBOS AVE,POINT LOBOS,AVE,
POLARIS WAY,POLARIS,WAY,
POLK ST,POLK,ST,
POLLARD PL,POLLARD,PL,
POLLOCK ST,POLLOCK,ST,
POMONA ST,POMONA,ST,
POND ST,POND,ST,
PONTIAC ST,PONTIAC,ST,
POPE CT,POPE,CT,
POPE RD,POPE,RD,
POPE ST,POPE,ST,
POPLAR ST,POPLAR,ST,
POPPY LN,POPPY,LN,
PORTAL DR,PORTAL,DR,
PORTAL PATH,PORTAL,PATH,
PORTER ST,PORTER,ST,
PORTOLA DR,PORTOLA,DR,
PORTOLA ST,PORTOLA,ST,
POST ST,POST,ST,
POTOMAC ST,POTOMAC,ST,
POTRERO AVE,POTRERO,AVE,
POWELL ST,POWELL,ST,
POWERS AVE,POWERS,AVE,
POWHATTAN AVE,POWHATTAN,AVE,
PRADO ST,PRADO,ST,
PRAGUE ST,PRAGUE,ST,
PRATT PL,PRATT,PL,
PRECITA AVE,PRECITA,AVE,
PRENTISS ST,PRENTISS,ST,
PRESCOTT CT,PRESCOTT,CT,
PRESIDIO AVE,PRESIDIO,AVE,
PRESIDIO BLVD,PRESIDIO,BLVD,
PRESIDIO TER,PRESIDIO,TER,
PRETOR WAY,PRETOR,WAY,
PRIEST ST,PRIEST,ST,
PRINCETON ST,PRINCETON,ST,
PROGRESS ST,PROGRESS,ST,
PROSPECT AVE,PROSPECT,AVE,
PROSPER ST,PROSPER,ST,
PUBLIC PARK,PUBLIC,PARK,
PUEBLO ST,PUEBLO,ST,
PULASKI AVE,PULASKI,AVE,
PUTNAM ST,PUTNAM,ST,
QUANE ST,QUANE,ST,
QUARRY RD,QUARRY,RD,
QUARTZ WAY,QUARTZ,WAY,
QUEBEC AVE,QUEBEC,AVE,
QUESADA AVE,QUESADA,AVE,
QUICKSTEP LN,QUICKSTEP,LN,
QUINCY ST,QUINCY,ST,
QUINT ST,QUINT,ST,
QUINTARA ST,QUINTARA,ST,
R ST,R,ST,
RACCOON DR,RACCOON,DR,
RACINE LN,RACINE,LN,
RADIO TER,RADIO,TER,
RAE AVE,RAE,AVE,
RALEIGH ST,RALEIGH,ST,
RALSTON AVE,RALSTON,AVE,
RALSTON ST,RALSTON,ST,
RAMONA AVE,RAMONA,AVE,
RAMSEL CT,RAMSEL,CT,
RAMSELL ST,RAMSELL,ST,
RANDALL ST,RANDALL,ST,
RANDOLPH ST,RANDOLPH,ST,
RANKIN ST,RANKIN,ST,
RAUSCH ST,RAUSCH,ST,
RAVENWOOD DR,RAVENWOOD,DR,
RAWLES ST,RAWLES,ST,
RAYBURN ST,RAYBURN,ST,
RAYCLIFF TER,RAYCLIFF,TER,
RAYMOND AVE,RAYMOND,AVE,
REARDON RD,REARDON,RD,
REBECCA LN,REBECCA,LN,
RECYCLE RD,RECYCLE,RD,
RECYCLING CENTER ACCESS RD,RECYCLING CENTER ACCESS,RD,
RED LEAF CT,RED LEAF,CT,
RED ROCK WAY,RED ROCK,WAY,
REDDY ST,REDDY,ST,
REDFIELD ALY,REDFIELD,ALY,
REDONDO ST,REDONDO,ST,
REDWOOD ST,REDWOOD,ST,
REED ST,REED,ST,
REEVES CT,REEVES,CT,
REGENT ST,REGENT,ST,
RENO PL,RENO,PL,
REPOSA WAY,REPOSA,WAY,
RESERVOIR ST,RESERVOIR,ST,
RESTANI STWY,RESTANI,STWY,
RESTANI WAY,RESTANI,WAY,
RETIRO WAY,RETIRO,WAY,
REUEL CT,REUEL,CT,
REVERE AVE,REVERE,AVE,
REX AVE,REX,AVE,
REY ST,REY,ST,
RHINE ST,RHINE,ST,
RHODE ISLAND ST,RHODE ISLAND,ST,
RICE ST,RICE,ST,
RICHARD HENRY DANA PL,RICHARD HENRY DANA,PL,
RICHARDS CIR,RICHARDS,CIR,
RICHARDSON AVE,RICHARDSON,AVE,
RICHLAND AVE,RICHLAND,AVE,
RICHTER AVE,RICHTER,AVE,
RICKARD ST,RICKARD,ST,
RICO WAY,RICO,WAY,
RIDGE CT,RIDGE,CT,
RIDGE LN,RIDGE,LN,
RIDGEWOOD AVE,RIDGEWOOD,AVE,
RILEY AVE,RILEY,AVE,
RINCON ST,RINCON,ST,
RINGOLD ST,RINGOLD,ST,
RIO CT,RIO,CT,
RIO VERDE ST,RIO VERDE,ST,
RIPLEY ST,RIPLEY,ST,
RITCH ST,RITCH,ST,
RIVAS AVE,RIVAS,AVE,
RIVERA ST,RIVERA,ST,
RIVERTON DR,RIVERTON,DR,
RIVOLI ST,RIVOLI,ST,
RIZAL ST,RIZAL,ST,
ROACH ST,ROACH,ST,
ROANOKE ST,ROANOKE,ST,
ROBBLEE AVE,ROBBLEE,AVE,
ROBERT C LEVY TUNL,ROBERT C LEVY,TUNL,
ROBERT KIRK LN,ROBERT KIRK,LN,
ROBINHOOD DR,ROBINHOOD,DR,
ROBINSON DR,ROBINSON,DR,
ROBINSON ST,ROBINSON,ST,
ROCK ALY,ROCK,ALY,
ROCKAWAY AVE,ROCKAWAY,AVE,
ROCKDALE DR,ROCKDALE,DR,
ROCKLAND ST,ROCKLAND,ST,
ROCKRIDGE DR,ROCKRIDGE,DR,
ROCKWOOD CT,ROCKWOOD,CT,
ROD RD,ROD,RD,
RODGERS ST,RODGERS,ST,
RODRIGUEZ ST,RODRIGUEZ,ST,
ROEMER WAY,ROEMER,WAY,
ROLPH ST,ROLPH,ST,
ROMAIN ST,ROMAIN,ST,
ROME ST,ROME,ST,
ROMOLO ST,ROMOLO,ST,
RONDEL PL,RONDEL,PL,
ROOSEVELT WAY,ROOSEVELT,WAY,
ROSA PARKS LN,ROSA PARKS,LN,
ROSCOE ST,ROSCOE,ST,
ROSE ST,ROSE,ST,
ROSELLA CT,ROSELLA,CT,
ROSELYN TER,ROSELYN,TER,
ROSEMARY CT,ROSEMARY,CT,
ROSEMONT PL,ROSEMONT,PL,
ROSENKRANZ ST,ROSENKRANZ,ST,
ROSEWOOD DR,ROSEWOOD,DR,
ROSIE LEE LN,ROSIE LEE,LN,
ROSS ALY,ROSS,ALY,
ROSSI AVE,ROSSI,AVE,
ROSSMOOR DR,ROSSMOOR,DR,
ROTTECK ST,ROTTECK,ST,
ROUSSEAU ST,ROUSSEAU,ST,
ROYAL LN,ROYAL,LN,
RUCKMAN AVE,RUCKMAN,AVE,
RUDDEN AVE,RUDDEN,AVE,
RUGER ST,RUGER,ST,
RUSS ST,RUSS,ST,
RUSSELL ST,RUSSELL,ST,
RUSSIA AVE,RUSSIA,AVE,
RUSSIAN HILL PL,RUSSIAN HILL,PL,
RUTH ST,RUTH,ST,
RUTLAND ST,RUTLAND,ST,
RUTLEDGE ST,RUTLEDGE,ST,
SABIN PL,SABIN,PL,
SACRAMENTO ST,SACRAMENTO,ST,
SADDLEBACK DR,SADDLEBACK,DR,
SADOWA ST,SADOWA,ST,
SAFIRA LN,SAFIRA,LN,
SAGAMORE ST,SAGAMORE,ST,
SAINT CHARLES AVE,SAINT CHARLES,AVE,
SAINT CROIX DR,SAINT CROIX,DR,
SAINT ELMO WAY,SAINT ELMO,WAY,
SAINT FRANCIS BLVD,SAINT FRANCIS,BLVD,
SAINT FRANCIS PL,SAINT FRANCIS,PL,
SAINT GEORGE ALY,SAINT GEORGE,ALY,
SAINT GERMAIN AVE,SAINT GERMAIN,AVE,
SAINT JOSEPHS AVE,SAINT JOSEPHS,AVE,
SAINT LOUIS ALY,SAINT LOUIS,ALY,
SAINT MARYS AVE,SAINT MARYS,AVE,
SAL ST,SAL,ST,
SALA TER,SALA,TER,
SALINAS AVE,SALINAS,AVE,
SALMON ST,SALMON,ST,
SAMOSET ST,SAMOSET,ST,
SAMPSON AVE,SAMPSON,AVE,
SAN ALESO AVE,SAN ALESO,AVE,
SAN ANDREAS WAY,SAN ANDREAS,WAY,
SAN ANSELMO AVE,SAN ANSELMO,AVE,
SAN ANTONIO PL,SAN ANTONIO,PL,
SAN BENITO WAY,SAN BENITO,WAY,
SAN BRUNO AVE,SAN BRUNO,AVE,
SAN BRUNO AV OFF RAMP,SAN BRUNO AV OFF,RAMP,
SAN BRUNO AV ON RAMP,SAN BRUNO AV ON,RAMP,
SAN BUENAVENTURA WAY,SAN BUENAVENTURA,WAY,
SAN CARLOS ST,SAN CARLOS,ST,
SAN DIEGO AVE,SAN DIEGO,AVE,
SAN FELIPE AVE,SAN FELIPE,AVE,
SAN FERNANDO WAY,SAN FERNANDO,WAY,
SAN GABRIEL AVE,SAN GABRIEL,AVE,
SAN JACINTO WAY,SAN JACINTO,WAY,
SAN JOSE AVE,SAN JOSE,AVE,
SAN JOSE AV OFF RAMP,SAN JOSE AV OFF,RAMP,
SAN JOSE AV ON RAMP,SAN JOSE AV ON,RAMP,
SAN JUAN AVE,SAN JUAN,AVE,
SAN LEANDRO WAY,SAN LEANDRO,WAY,
SAN LORENZO WAY,SAN LORENZO,WAY,
SAN LUIS AVE,SAN LUIS,AVE,
SAN MARCOS AVE,SAN MARCOS,AVE,
SAN MIGUEL ST,SAN MIGUEL,ST,
SAN PABLO AVE,SAN PABLO,AVE,
SAN RAFAEL WAY,SAN RAFAEL,WAY,
SAN RAMON WAY,SAN RAMON,WAY,
SANCHES ST,SANCHES,ST,
SANCHEZ ST,SANCHEZ,ST,
SANDPIPER COVE WAY,SANDPIPER COVE,WAY,
SANSOME ST,SANSOME,ST,
SANTA ANA AVE,SANTA ANA,AVE,
SANTA BARBARA AVE,SANTA BARBARA,AVE,
SANTA CLARA AVE,SANTA CLARA,AVE,
SANTA CRUZ AVE,SANTA CRUZ,AVE,
SANTA FE AVE,SANTA FE,AVE,
SANTA MARINA ST,SANTA MARINA,ST,
SANTA MONICA WAY,SANTA MONICA,WAY,
SANTA PAULA AVE,SANTA PAULA,AVE,
SANTA RITA AVE,SANTA RITA,AVE,
SANTA ROSA AVE,SANTA ROSA,AVE,
SANTA YNEZ AVE,SANTA YNEZ,AVE,
SANTA YSABEL AVE,SANTA YSABEL,AVE,
SANTIAGO ST,SANTIAGO,ST,
SANTOS ST,SANTOS,ST,
SARGENT ST,SARGENT,ST,
SAROYAN PL,SAROYAN,PL,
SATURN ST,SATURN,ST,
SAUL ST,SAUL,ST,
SAWYER ST,SAWYER,ST,
SCENIC WAY,SCENIC,WAY,
SCHOFIELD CT,SCHOFIELD,CT,
SCHOFIELD RD,SCHOFIELD,RD,
SCHOOL ALY,SCHOOL,ALY,
SCHWERIN ST,SCHWERIN,ST,
SCIENCE CIR,SCIENCE,CIR,
SCOTIA AVE,SCOTIA,AVE,
SCOTLAND ST,SCOTLAND,ST,
SCOTT ALY,SCOTT,ALY,
SCOTT ST,SCOTT,ST,
SEA VIEW TER,SEA VIEW,TER,
SEACLIFF AVE,SEACLIFF,AVE,
SEAL COVE TER,SEAL COVE,TER,
SEAL ROCK DR,SEAL ROCK,DR,
SEARS ST,SEARS,ST,
SEAWELL LN,SEAWELL,LN,
SECOND DR,SECOND,DR,
SECURITY PACIFIC PL,SECURITY PACIFIC,PL,
SELBY ST,SELBY,ST,
SELMA WAY,SELMA,WAY,
SEMINOLE AVE,SEMINOLE,AVE,
SENECA AVE,SENECA,AVE,
SEQUOIA WAY,SEQUOIA,WAY,
SERGEANT JOHN V YOUNG ST,SERGEANT JOHN V YOUNG,ST,
SERRANO DR,SERRANO,DR,
SERVICE ST,SERVICE,ST,
SEVERN ST,SEVERN,ST,
SEVILLE ST,SEVILLE,ST,
SEWARD ST,SEWARD,ST,
SEYMOUR ST,SEYMOUR,ST,
SFGH ACCESS,SFGH ACCESS,,
SHAFTER AVE,SHAFTER,AVE,
SHAFTER CT,SHAFTER,CT,
SHAFTER RD,SHAFTER,RD,
SHAKESPEARE ST,SHAKESPEARE,ST,
SHANNON ST,SHANNON,ST,
SHARON ST,SHARON,ST,
SHARP PL,SHARP,PL,
SHAW ALY,SHAW,ALY,
SHAWNEE AVE,SHAWNEE,AVE,
SHELDON TER,SHELDON,TER,
SHEPHARD PL,SHEPHARD,PL,
SHERIDAN AVE,SHERIDAN,AVE,
SHERIDAN ST,SHERIDAN,ST,
SHERMAN RD,SHERMAN,RD,
SHERMAN ST,SHERMAN,ST,
SHERWOOD CT,SHERWOOD,CT,
SHIELDS ST,SHIELDS,ST,
SHIP ST,SHIP,ST,
SHIPLEY ST,SHIPLEY,ST,
SHORE VIEW AVE,SHORE VIEW,AVE,
SHORT ST,SHORT,ST,
SHOTWELL ST,SHOTWELL,ST,
SHOUP AVE,SHOUP,AVE,
SHRADER ST,SHRADER,ST,
SIBERT LN,SIBERT,LN,
SIBERT LOOP,SIBERT,LOOP,
SIBLEY RD,SIBLEY,RD,
SICKLES AVE,SICKLES,AVE,
SIERRA ST,SIERRA,ST,
SIGNAL RD,SIGNAL,RD,
SILLIMAN ST,SILLIMAN,ST,
SILVER AVE,SILVER,AVE,
SILVERVIEW DR,SILVERVIEW,DR,
SIMONDS LOOP,SIMONDS,LOOP,
INDIES PL,INDIES,PL,
SKYLINE BLVD,SKYLINE,BLVD,
SKYVIEW WAY,SKYVIEW,WAY,
SLOAT BLVD,SLOAT,BLVD,
SMITH LN,SMITH,LN,
SOLA AVE,SOLA,AVE,
SOMERSET ST,SOMERSET,ST,
SONOMA ST,SONOMA,ST,
SOTELO AVE,SOTELO,AVE,
SOULE LN,SOULE,LN,
SOUTH DR,SOUTH,DR,
DUNLIN LN,DUNLIN,LN,
SOUTH GATE RD,SOUTH GATE,RD,
SOUTH HILL BLVD,SOUTH HILL,BLVD,
SOUTH HUGHES LN,SOUTH HUGHES,LN,
SOUTH PARK,SOUTH PARK,,
SOUTH VAN HORN LN,SOUTH VAN HORN,LN,
SOUTH VAN NESS AVE,SOUTH VAN NESS,AVE,
SOUTHARD PL,SOUTHARD,PL,
SOUTHERN HEIGHTS AVE,SOUTHERN HEIGHTS,AVE,
SOUTHWOOD DR,SOUTHWOOD,DR,
SPARROW ST,SPARROW,ST,
SPARTA ST,SPARTA,ST,
SPEAR AVE,SPEAR,AVE,
SPEAR ST,SPEAR,ST,
SPENCER ST,SPENCER,ST,
SPOFFORD ST,SPOFFORD,ST,
SPRECKELS LAKE DR,SPRECKELS LAKE,DR,
SPRING ST,SPRING,ST,
SPRINGFIELD DR,SPRINGFIELD,DR,
SPROULE LN,SPROULE,LN,
SPRUCE ST,SPRUCE,ST,
STANDISH AVE,STANDISH,AVE,
STANFORD ST,STANFORD,ST,
STANFORD HEIGHTS AVE,STANFORD HEIGHTS,AVE,
STANLEY ST,STANLEY,ST,
STANTON ST,STANTON,ST,
STANYAN BLVD,STANYAN,BLVD,
STANYAN ST,STANYAN,ST,
STAPLES AVE,STAPLES,AVE,
ZOE DELL LN,ZOE DELL,LN,
STARK ST,STARK,ST,
STARR KING WAY,STARR KING,WAY,
STARVIEW WAY,STARVIEW,WAY,
STATE DR,STATE,DR,
STATES ST,STATES,ST,
STEINER ST,STEINER,ST,
STERLING ST,STERLING,ST,
STERN GROVE CT,STERN GROVE,CT,
STERNBERG RD,STERNBERG,RD,
STEUART ST,STEUART,ST,
STEUBEN ST,STEUBEN,ST,
STEVELOE PL,STEVELOE,PL,
STEVENSON ST,STEVENSON,ST,
STILL ST,STILL,ST,
STILLINGS AVE,STILLINGS,AVE,
STILLMAN ST,STILLMAN,ST,
STILWELL RD,STILWELL,RD,
STOCKTON ST,STOCKTON,ST,
STOCKTON TUNL,STOCKTON,TUNL,
STONE ST,STONE,ST,
STONECREST DR,STONECREST,DR,
STONEMAN ST,STONEMAN,ST,
STONERIDGE LN,STONERIDGE,LN,
STONEYBROOK AVE,STONEYBROOK,AVE,
STONEYFORD AVE,STONEYFORD,AVE,
STOREY AVE,STOREY,AVE,
STORRIE ST,STORRIE,ST,
STOW LAKE DR,STOW LAKE,DR,
STRATFORD DR,STRATFORD,DR,
STRIPED BASS ST,STRIPED BASS,ST,
STURGEON ST,STURGEON,ST,
SUMMIT ST,SUMMIT,ST,
SUMMIT WAY,SUMMIT,WAY,
SUMNER AVE,SUMNER,AVE,
SUMNER ST,SUMNER,ST,
SUNBEAM LN,SUNBEAM,LN,
SUNGLOW LN,SUNGLOW,LN,
SUNNYDALE AVE,SUNNYDALE,AVE,
SUNNYSIDE TER,SUNNYSIDE,TER,
SUNRISE WAY,SUNRISE,WAY,
SUNSET BLVD,SUNSET,BLVD,
SUNSET BLVD OFF RAMP,SUNSET BLVD OFF,RAMP,
SUNSET BLVD ON RAMP,SUNSET BLVD ON,RAMP,
SUNVIEW DR,SUNVIEW,DR,
SURREY ST,SURREY,ST,
SUSSEX ST,SUSSEX,ST,
SUTRO HEIGHTS AVE,SUTRO HEIGHTS,AVE,
SUTTER ST,SUTTER,ST,
SWEENY ST,SWEENY,ST,
SWISS AVE,SWISS,AVE,
SYCAMORE ST,SYCAMORE,ST,
SYDNEY WAY,SYDNEY,WAY,
SYLVAN DR,SYLVAN,DR,
TABER PL,TABER,PL,
TACOMA ST,TACOMA,ST,
GOLDEN BELL WAY,GOLDEN BELL,WAY,
TALBERT ST,TALBERT,ST,
TAMALPAIS TER,TAMALPAIS,TER,
TAMPA LN,TAMPA,LN,
TANDANG SORA,TANDANG SORA,,
TAPIA DR,TAPIA,DR,
TARA ST,TARA,ST,
TARAVAL ST,TARAVAL,ST,
TAYLOR RD,TAYLOR,RD,
TAYLOR ST,TAYLOR,ST,
TEDDY AVE,TEDDY,AVE,
TEHAMA ST,TEHAMA,ST,
TELEGRAPH PL,TELEGRAPH,PL,
TELEGRAPH HILL BLVD,TELEGRAPH HILL,BLVD,
TEMESCAL TER,TEMESCAL,TER,
TEMPLE ST,TEMPLE,ST,
TENNESSEE ST,TENNESSEE,ST,
TENNY PL,TENNY,PL,
TERESITA BLVD,TERESITA,BLVD,
TERRA VISTA AVE,TERRA VISTA,AVE,
TERRACE DR,TERRACE,DR,
TERRACE WALK,TERRACE,WALK,
TERRY A FRANCOIS BLVD,TERRY A FRANCOIS,BLVD,
TEVIS ST,TEVIS,ST,
TEXAS ST,TEXAS,ST,
THE EMBARCADERO,THE EMBARCADERO,,
THERESA ST,THERESA,ST,
THOMAS AVE,THOMAS,AVE,
THOMAS CT,THOMAS,CT,
THOMAS MELLON CIR,THOMAS MELLON,CIR,
THOMAS MELLON DR,THOMAS MELLON,DR,
THOMAS MORE WAY,THOMAS MORE,WAY,
THOR AVE,THOR,AVE,
THORNBURG RD,THORNBURG,RD,
THORNE WAY,THORNE,WAY,
THORNTON AVE,THORNTON,AVE,
THORP LN,THORP,LN,
THRIFT ST,THRIFT,ST,
TIFFANY AVE,TIFFANY,AVE,
TILLMAN PL,TILLMAN,PL,
TIMOTHY PFLUEGER PL,TIMOTHY PFLUEGER,PL,
TINGLEY ST,TINGLEY,ST,
TIOGA AVE,TIOGA,AVE,
TOCOLOMA AVE,TOCOLOMA,AVE,
TODD ST,TODD,ST,
TOLAND ST,TOLAND,ST,
TOLEDO WAY,TOLEDO,WAY,
TOLL PLAZA TUNNEL,TOLL PLAZA TUNNEL,,
TOMASO CT,TOMASO,CT,
TOMPKINS AVE,TOMPKINS,AVE,
TONQUIN ST,TONQUIN,ST,
TOPAZ WAY,TOPAZ,WAY,
TOPEKA AVE,TOPEKA,AVE,
TORNEY AVE,TORNEY,AVE,
TORRENS CT,TORRENS,CT,
TOUCHARD ST,TOUCHARD,ST,
TOWERSIDE AVE,TOWERSIDE,AVE,
TOWNSEND ST,TOWNSEND,ST,
TOYON LN,TOYON,LN,
TRADER VIC ALY,TRADER VIC,ALY,
TRAINOR ST,TRAINOR,ST,
TRANSBAY HUMP,TRANSBAY HUMP,,
TRANSBAY LOOP,TRANSBAY LOOP,,
TRANSVERSE DR,TRANSVERSE,DR,
TREASURE ISLAND RD,TREASURE ISLAND,RD,
TREASURY PL,TREASURY,PL,
TREAT AVE,TREAT,AVE,
TREAT LN,TREAT,LN,
TREAT WAY,TREAT,WAY,
TRENTON ST,TRENTON,ST,
TRINITY ST,TRINITY,ST,
TROY ALY,TROY,ALY,
TRUBY ST,TRUBY,ST,
TRUETT ST,TRUETT,ST,
TRUMBULL ST,TRUMBULL,ST,
TUBBS ST,TUBBS,ST,
TUCKER AVE,TUCKER,AVE,
TULANE ST,TULANE,ST,
TULARE ST,TULARE,ST,
TULIP ALY,TULIP,ALY,
TUNNEL AVE,TUNNEL,AVE,
TURK BLVD,TURK,BLVD,
TURK ST,TURK,ST,
TURK MURPHY LN,TURK MURPHY,LN,
TURNER TER,TURNER,TER,
TURQUOISE WAY,TURQUOISE,WAY,
TUSCANY ALY,TUSCANY,ALY,
TWIN PEAKS BLVD,TWIN PEAKS,BLVD,
ULLOA ST,ULLOA,ST,
UNDERWOOD AVE,UNDERWOOD,AVE,
UNION ST,UNION,ST,
UNITED NATIONS PLZ,UNITED NATIONS,PLZ,
UNIVERSITY ST,UNIVERSITY,ST,
UNNAMED 009,UNNAMED 009,,
UNNAMED 010,UNNAMED 010,,
UNNAMED 011,UNNAMED 011,,
UNNAMED 012,UNNAMED 012,,
UNNAMED 014,UNNAMED 014,,
UNNAMED 017,UNNAMED 017,,
UNNAMED 018,UNNAMED 018,,
UNNAMED 021,UNNAMED 021,,
UNNAMED 024,UNNAMED 024,,
UNNAMED 025,UNNAMED 025,,
UNNAMED 026,UNNAMED 026,,
UNNAMED 027,UNNAMED 027,,
UNNAMED 030,UNNAMED 030,,
UNNAMED 031,UNNAMED 031,,
UNNAMED 032,UNNAMED 032,,
UNNAMED 033,UNNAMED 033,,
UNNAMED 034,UNNAMED 034,,
UNNAMED 035,UNNAMED 035,,
UNNAMED 036,UNNAMED 036,,
UNNAMED 037,UNNAMED 037,,
UNNAMED 038,UNNAMED 038,,
UNNAMED 039,UNNAMED 039,,
UNNAMED 040,UNNAMED 040,,
UNNAMED 041,UNNAMED 041,,
UNNAMED 042,UNNAMED 042,,
UNNAMED 043,UNNAMED 043,,
UNNAMED 044,UNNAMED 044,,
UNNAMED 051,UNNAMED 051,,
UNNAMED 052,UNNAMED 052,,
UNNAMED 053,UNNAMED 053,,
UNNAMED 064,UNNAMED 064,,
UNNAMED 065,UNNAMED 065,,
UNNAMED 068,UNNAMED 068,,
UNNAMED 069,UNNAMED 069,,
UNNAMED 070,UNNAMED 070,,
UNNAMED 071,UNNAMED 071,,
UNNAMED 075,UNNAMED 075,,
UNNAMED 077,UNNAMED 077,,
UNNAMED 078,UNNAMED 078,,
UNNAMED 080,UNNAMED 080,,
UNNAMED 083,UNNAMED 083,,
UNNAMED 084,UNNAMED 084,,
UNNAMED 087,UNNAMED 087,,
UNNAMED 088,UNNAMED 088,,
UNNAMED 090,UNNAMED 090,,
UNNAMED 095,UNNAMED 095,,
UNNAMED 096,UNNAMED 096,,
UNNAMED 097,UNNAMED 097,,
UNNAMED 098,UNNAMED 098,,
UNNAMED 099,UNNAMED 099,,
UNNAMED 100,UNNAMED 100,,
UNNAMED 101,UNNAMED 101,,
UNNAMED 105,UNNAMED 105,,
UNNAMED 106,UNNAMED 106,,
UNNAMED 107,UNNAMED 107,,
UNNAMED 108,UNNAMED 108,,
UNNAMED 112,UNNAMED 112,,
UNNAMED 113,UNNAMED 113,,
UNNAMED 115,UNNAMED 115,,
UNNAMED 117,UNNAMED 117,,
UNNAMED 119,UNNAMED 119,,
UNNAMED 120,UNNAMED 120,,
UNNAMED 124,UNNAMED 124,,
UNNAMED 128,UNNAMED 128,,
UNNAMED 129,UNNAMED 129,,
UNNAMED 139,UNNAMED 139,,
UNNAMED 142,UNNAMED 142,,
UNNAMED 144,UNNAMED 144,,
UNNAMED 145,UNNAMED 145,,
UNNAMED 146,UNNAMED 146,,
UNNAMED 148,UNNAMED 148,,
UNNAMED 150,UNNAMED 150,,
UNNAMED 151,UNNAMED 151,,
UNNAMED 152,UNNAMED 152,,
UNNAMED 153,UNNAMED 153,,
UNNAMED 161,UNNAMED 161,,
UNNAMED 163,UNNAMED 163,,
UNNAMED 165,UNNAMED 165,,
UNNAMED 185,UNNAMED 185,,
UNNAMED 186,UNNAMED 186,,
UNNAMED 187,UNNAMED 187,,
UNNAMED 188,UNNAMED 188,,
UNNAMED 2,UNNAMED 2,,
UPLAND DR,UPLAND,DR,
UPPER TER,UPPER,TER,
UPPER SERVICE RD,UPPER SERVICE,RD,
UPTON AVE,UPTON,AVE,
UPTON ST,UPTON,ST,
URANUS TER,URANUS,TER,
URBANO DR,URBANO,DR,
UTAH ST,UTAH,ST,
VALDEZ AVE,VALDEZ,AVE,
VALE AVE,VALE,AVE,
VALENCIA ST,VALENCIA,ST,
VALERTON CT,VALERTON,CT,
VALLEJO ST,VALLEJO,ST,
VALLETTA CT,VALLETTA,CT,
VALLEY ST,VALLEY,ST,
VALMAR TER,VALMAR,TER,
VALPARAISO ST,VALPARAISO,ST,
VAN BUREN ST,VAN BUREN,ST,
VAN DYKE AVE,VAN DYKE,AVE,
VAN KEUREN AVE,VAN KEUREN,AVE,
VAN NESS AVE,VAN NESS,AVE,
VANDEWATER ST,VANDEWATER,ST,
CRAVATH ST,CRAVATH,ST,
VARELA AVE,VARELA,AVE,
VARENNES ST,VARENNES,ST,
VARNEY PL,VARNEY,PL,
VASQUEZ AVE,VASQUEZ,AVE,
VASSAR PL,VASSAR,PL,
VEGA ST,VEGA,ST,
VELASCO AVE,VELASCO,AVE,
VENARD ALY,VENARD,ALY,
VENTURA AVE,VENTURA,AVE,
VENUS ST,VENUS,ST,
VER MEHR PL,VER MEHR,PL,
VERDI PL,VERDI,PL,
VERDUN WAY,VERDUN,WAY,
VERMONT ST,VERMONT,ST,
VERNA ST,VERNA,ST,
VERNON ST,VERNON,ST,
VESTA ST,VESTA,ST,
VETERANS DR,VETERANS,DR,
VIA BUFANO,VIA BUFANO,,
VIA FERLINGHETTI,VIA FERLINGHETTI,,
VICENTE ST,VICENTE,ST,
VICKSBURG ST,VICKSBURG,ST,
VICTORIA ST,VICTORIA,ST,
VIDAL DR,VIDAL,DR,
VIENNA ST,VIENNA,ST,
VILLA TER,VILLA,TER,
VINE TER,VINE,TER,
VINTON CT,VINTON,CT,
VIRGIL ST,VIRGIL,ST,
VIRGINIA AVE,VIRGINIA,AVE,
VISITACION AVE,VISITACION,AVE,
VISTA CT,VISTA,CT,
VISTA LN,VISTA,LN,
VISTA VERDE CT,VISTA VERDE,CT,
VISTA VIEW CT,VISTA VIEW,CT,
VON SCHMIDT ST,VON SCHMIDT,ST,
VULCAN STWY,VULCAN,STWY,
WABASH TER,WABASH,TER,
WAGNER ALY,WAGNER,ALY,
WAITHMAN WAY,WAITHMAN,WAY,
WALBRIDGE ST,WALBRIDGE,ST,
WALDO ALY,WALDO,ALY,
WALKER CT,WALKER,CT,
WALKWAY,WALKWAY,,
WALL PL,WALL,PL,
WALLACE AVE,WALLACE,AVE,
WALLEN ST,WALLEN,ST,
WALLER ST,WALLER,ST,
WALNUT ST,WALNUT,ST,
WALTER ST,WALTER,ST,
WALTER U LUM PL,WALTER U LUM,PL,
WALTHAM ST,WALTHAM,ST,
WANDA ST,WANDA,ST,
WARD ST,WARD,ST,
WARE ST,WARE,ST,
WARNER PL,WARNER,PL,
WARREN DR,WARREN,DR,
WASHBURN ST,WASHBURN,ST,
WASHINGTON BLVD,WASHINGTON,BLVD,
WASHINGTON ST,WASHINGTON,ST,
WATCHMAN WAY,WATCHMAN,WAY,
WATER ST,WATER,ST,
WATERLOO ST,WATERLOO,ST,
WATERVILLE ST,WATERVILLE,ST,
WATT AVE,WATT,AVE,
WATTSON PL,WATTSON,PL,
WAVERLY PL,WAVERLY,PL,
WAWONA ST,WAWONA,ST,
WAYLAND ST,WAYLAND,ST,
WAYNE PL,WAYNE,PL,
WEBB PL,WEBB,PL,
WEBSTER ST,WEBSTER,ST,
WEDEMEYER ST,WEDEMEYER,ST,
WELDON ST,WELDON,ST,
WELSH ST,WELSH,ST,
WENTWORTH PL,WENTWORTH,PL,
WEST RD,WEST,RD,
WEST BROADWAY,WEST BROADWAY,,
WEST CLAY ST,WEST CLAY,ST,
WEST CRYSTAL COVE TER,WEST CRYSTAL COVE,TER,
WEST HALLECK ST,WEST HALLECK,ST,
WEST PACIFIC AVE,WEST PACIFIC,AVE,
WEST POINT RD,WEST POINT,RD,
WEST PORTAL AVE,WEST PORTAL,AVE,
WEST VIEW AVE,WEST VIEW,AVE,
WESTBROOK CT,WESTBROOK,CT,
WESTERN SHORE LN,WESTERN SHORE,LN,
WESTGATE DR,WESTGATE,DR,
WESTMOORLAND DR,WESTMOORLAND,DR,
WESTON CT,WESTON,CT,
WESTSIDE DR,WESTSIDE,DR,
WESTWOOD DR,WESTWOOD,DR,
WETMORE ST,WETMORE,ST,
WHEAT ST,WHEAT,ST,
WHEELER AVE,WHEELER,AVE,
WHIPPLE AVE,WHIPPLE,AVE,
WHITE ST,WHITE,ST,
WHITECLIFF WAY,WHITECLIFF,WAY,
WHITFIELD CT,WHITFIELD,CT,
WHITING ST,WHITING,ST,
WHITING WAY,WHITING,WAY,
WHITNEY ST,WHITNEY,ST,
WHITNEY YOUNG CIR,WHITNEY YOUNG,CIR,
WHITTIER ST,WHITTIER,ST,
WIESE ST,WIESE,ST,
WILDE AVE,WILDE,AVE,
WILDER ST,WILDER,ST,
WILDWOOD WAY,WILDWOOD,WAY,
WILLARD ST,WILLARD,ST,
WILLIAMS AVE,WILLIAMS,AVE,
WILLIAR AVE,WILLIAR,AVE,
WILLIE B KENNEDY DR,WILLIE B KENNEDY,DR,
WILLOW ST,WILLOW,ST,
WILLS ST,WILLS,ST,
WILMOT ST,WILMOT,ST,
WILSON ST,WILSON,ST,
WINDING WAY,WINDING,WAY,
WINDSOR PL,WINDSOR,PL,
WINFIELD ST,WINFIELD,ST,
WINN WAY,WINN,WAY,
WINSTON DR,WINSTON,DR,
WINTER PL,WINTER,PL,
WINTHROP ST,WINTHROP,ST,
WISCONSIN ST,WISCONSIN,ST,
WISSER CT,WISSER,CT,
WOOD ST,WOOD,ST,
WOODACRE DR,WOODACRE,DR,
WOODHAVEN CT,WOODHAVEN,CT,
WOODLAND AVE,WOODLAND,AVE,
WOODSIDE AVE,WOODSIDE,AVE,
WOODWARD ST,WOODWARD,ST,
WOOL CT,WOOL,CT,
WOOL ST,WOOL,ST,
WOOLSEY ST,WOOLSEY,ST,
WORCESTER AVE,WORCESTER,AVE,
WORDEN ST,WORDEN,ST,
WORTH ST,WORTH,ST,
WRIGHT CT,WRIGHT,CT,
WRIGHT LOOP,WRIGHT,LOOP,
WRIGHT ST,WRIGHT,ST,
WYMAN AVE,WYMAN,AVE,
WYTON LN,WYTON,LN,
YACHT RD,YACHT,RD,
YALE ST,YALE,ST,
YELLOW CAB ACCESS ROAD,YELLOW CAB ACCESS ROAD,,
YERBA BUENA AVE,YERBA BUENA,AVE,
YERBA BUENA DR,YERBA BUENA,DR,
YERBA BUENA LN,YERBA BUENA,LN,
YERBA BUENA RD,YERBA BUENA,RD,
YORBA ST,YORBA,ST,
YORK ST,YORK,ST,
YOSEMITE AVE,YOSEMITE,AVE,
YOUNG CT,YOUNG,CT,
YOUNG ST,YOUNG,ST,
YUKON ST,YUKON,ST,
ZAMPA LN,ZAMPA,LN,
ZANOWITZ AVE,ZANOWITZ,AVE,
AVOCET WAY,AVOCET,WAY,
ZENO PL,ZENO,PL,
ZIRCON PL,ZIRCON,PL,
ZOE ST,ZOE,ST,
ZOO RD,ZOO,RD,
DR TOM WADDELL PL,DR TOM WADDELL,PL,
AL SCOMA WAY,AL SCOMA,WAY,
UNNAMED 190,UNNAMED 190,,
UNNAMED 193,UNNAMED 193,,
UNNAMED 192,UNNAMED 192,,
PALACE DR,PALACE,DR,
MARTIN AVE,MARTIN,AVE,
MISSION BAY BLVD SOUTH,MISSION BAY,BLVD,SOUTH
BUENA VISTA AVE EAST,BUENA VISTA,AVE,EAST
CONSERVATORY DR EAST,CONSERVATORY,DR,EAST
BURNETT AVE NORTH,BURNETT,AVE,NORTH
LAKE MERCED HILL ST NORTH,LAKE MERCED HILL,ST,NORTH
BUENA VISTA AVE WEST,BUENA VISTA,AVE,WEST
WILLARD ST NORTH,WILLARD,ST,NORTH
FIRST DR EAST,FIRST,DR,EAST
LAKE MERCED HILL ST SOUTH,LAKE MERCED HILL,ST,SOUTH
MISSION BAY BLVD NORTH,MISSION BAY,BLVD,NORTH
25TH AVE NORTH,25TH,AVE,NORTH
CONSERVATORY DR WEST,CONSERVATORY,DR,WEST
FIRST DR WEST,FIRST,DR,WEST
ZANOWITZ ST,ZANOWITZ,ST,
AVENUE G,AVENUE G,,
ODD FELLOWS WAY,ODD FELLOWS,WAY,
JOHNSON ST,JOHNSON,ST,
MACKY LN,MACKY,LN,
FRIDA KAHLO WAY,FRIDA KAHLO,WAY,
WARRIORS WAY,WARRIORS,WAY,
SANDPIPER LN,SANDPIPER,LN,
PALM LN,PALM,LN,
WHIPPLE ST,WHIPPLE,ST,
FIFTH ST,FIFTH,ST,
CORRINE WOODS WAY,CORRINE WOODS,WAY,
EARL GAGE JR ST,EARL GAGE JR,ST,
MISSION CREEK,MISSION CREEK,,
CLIPPER COVE AVE,CLIPPER COVE,AVE,
GENE FRIEND WAY,GENE FRIEND,WAY,
MILTON I ROSS ST,MILTON I ROSS,ST,
ACACIA AVE,ACACIA,AVE,
PIERPOINT LN,PIERPOINT,LN,
WREN LN,WREN,LN,
TRADE WINDS AVE,TRADE WINDS,AVE,
WATERFRONT ST,WATERFRONT,ST,
VARA ST,VARA,ST,
UNNAMED ST,UNNAMED,ST,
SOTOMAYOR ST,SOTOMAYOR,ST,
SEVEN SEAS AVE,SEVEN SEAS,AVE,
PEACEMAKERS ST,PEACEMAKERS,ST,
UNNAMED 191,UNNAMED 191,,
PACIFICA ST,PACIFICA,ST,
SIESTA WAY,SIESTA,WAY,
KENNEDY PL,KENNEDY,PL,
MALOSI ST,MALOSI,ST,
INNES CT,INNES,CT,
GARDEN WALK,GARDEN,WALK,
LETTUCE LN,LETTUCE,LN,
PASSIFLORA WAY,PASSIFLORA,WAY,
PORTWAY PSGE,PORTWAY,PSGE,
